,,,,,,,,,,,,,,,,,,,,,,,,,,,,
,,,,,,,,,,,,,,,,,,,,,,,,,,,,
,,Sid,ライン番号,発話文番号,発話文終了,話者,発       話       内       容,,コーディング項目2,コーディング項目3,コーディング項目4,コーディング項目5,コーディング項目6,コーディング項目7,コーディング項目8,コーディング項目9,コーディング項目10,コーディング項目11,コーディング項目12,コーディング項目13,コーディング項目14,コーディング項目15,コーディング項目16,コーディング項目17,コーディング項目18,コーディング項目19,コーディング項目20,
,,1,1,1,*,JF006,あ、##いなくなるのね<2人で笑い>。,,,,,,,,,,,,,,,,,,,,,
,,2,2,2,*,JF005,[話題の紙を開いて]こんな機会だから<2人で爆笑>。,,,,,,,,,,,,,,,,,,,,,
,,1,3,3,*,JF006,えー<爆笑>。,,,,,,,,,,,,,,,,,,,,,
,,2,4,4,*,JF005,なんか<笑いながら><大きな笑い>。,,,,,,,,,,,,,,,,,,,,,
,,1,5,5,*,JF006,えー、えー、ちょっと待って<笑いながら>[驚いた様子]。,,,,,,,,,,,,,,,,,,,,,
,,1,6,6,*,JF006,これ[驚いたように]。,,,,,,,,,,,,,,,,,,,,,
,,2,7,7,*,JF005,ねー、これ何なの?。,,,,,,,,,,,,,,,,,,,,,
,,1,8,8,*,JF006,<これ>{<}[驚いたように]。,,,,,,,,,,,,,,,,,,,,,
,,2,9,9,*,JF005,<うち>{>}らはめられてる?、もしかして<笑いながら>。,,,,,,,,,,,,,,,,,,,,,
,,1,10,10,*,JF006,ね、なんかさ、あの、え、これ、なんかドッキリ系統のあれだよね<笑いながら>[この間、JF005は笑っている]。,,,,,,,,,,,,,,,,,,,,,
,,2,11,11,*,JF005,ちが、あたしさ、もうちょっとなんだろう【【。,,,,,,,,,,,,,,,,,,,,,
,,1,12,12,*,JF006,】】うん、多分思ってる<こと一緒>{<}<笑い>。,,,,,,,,,,,,,,,,,,,,,
,,2,13,13,*,JF005,<思ってること>{>}<笑い>。,,,,,,,,,,,,,,,,,,,,,
,,1,14,14,*,JF006,なんか、今日のご飯とか<笑い>そういう系だと思ってたでしょ?<笑いながら>。,,,,,,,,,,,,,,,,,,,,,
,,2,15,15,*,JF005,なんやの、これ<笑いながら>。,,,,,,,,,,,,,,,,,,,,,
,,2,16,16,*,JF005,『こんな機会だからいえる、普段相手に抱いている印象』<笑いながら>。,,,,,,,,,,,,,,,,,,,,,
,,2,17,17,*,JF005,これについて話せって?。,,,,,,,,,,,,,,,,,,,,,
,,1,18,18,*,JF006,<笑い>え、<お見合い>{<}【【。,,,,,,,,,,,,,,,,,,,,,
,,2,19,19,*,JF005,】】<え、あたし>{>}普段言ってるんだけど<笑い>=。,,,,,,,,,,,,,,,,,,,,,
,,1,20,20,*,JF006,=あたしも思ったの、思ったの<笑いながら>。,,,,,,,,,,,,,,,,,,,,,
,,1,21,21,*,JF006,うん、こんなときだからっていうか、普段いいあってる人たちはどうしたらいい<の?>{<}。,,,,,,,,,,,,,,,,,,,,,
,,2,22,22,*,JF005,<え>{>}、それもね、今回頼まれたときね(うん)、メールでね(うん)、一番親しい同性の(うん)同い年の人って(うん)頼まれたの(うん)。,,,,,,,,,,,,,,,,,,,,,
,,2,23,23,*,JF005,同性でさー、一番親しかったらさー<笑い>。,,,,,,,,,,,,,,,,,,,,,
,,1,24,24,*,JF006,<こんな機会だから>{<}<笑いながら><笑い>。,,,,,,,,,,,,,,,,,,,,,
,,2,25,25,*,JF005,<普段から相手に>{>}対してさ、隠し事なんて特にないよね<笑いながら>。,,,,,,,,,,,,,,,,,,,,,
,,1,26,26-1,/,JF006,"実は,,",,,,,,,,,,,,,,,,,,,,,
,,2,27,27,*,JF005,<実は>{<}<笑い>。,,,,,,,,,,,,,,,,,,,,,
,,1,28,26-2,*,JF006,<ずっと>{>}隠してたんだけどとかさー<笑いながら>。,,,,,,,,,,,,,,,,,,,,,
,,2,29,28,*,JF005,いやだー<笑いながら>。,,,,,,,,,,,,,,,,,,,,,
,,2,30,29,*,JF005,[急に笑いがやんで]どうしよっか?。,,,,,,,,,,,,,,,,,,,,,
,,1,31,30,*,JF006,どうしようかー。,,,,,,,,,,,,,,,,,,,,,
,,2,32,31,*,JF005,え、でも、これはこれで、これについて話してることになるよね。,,,,,,,,,,,,,,,,,,,,,
,,1,33,32,*,JF006,うん、うん。,,,,,,,,,,,,,,,,,,,,,
,,1,34,33,*,JF006,<あー、そうそうそうそう、そうだ>{<}。,,,,,,,,,,,,,,,,,,,,,
,,2,35,34,*,JF005,<だって<笑い>、ないもん>{>}、そんなの。,,,,,,,,,,,,,,,,,,,,,
,,1,36,35,*,JF006,いやー、びっくりしたね。,,,,,,,,,,,,,,,,,,,,,
,,1,37,36,*,JF006,こんなものが来るとは予想だにしない<笑いながら>。,,,,,,,,,,,,,,,,,,,,,
,,2,38,37,*,JF005,赤字だし[話題が赤のペンで書いてあること]。,,,,,,,,,,,,,,,,,,,,,
,,2,39,38,*,JF005,いっか、無視して。,,,,,,,,,,,,,,,,,,,,,
,,1,40,39,*,JF006,うん、うん、いいよ。,,,,,,,,,,,,,,,,,,,,,
,,2,41,40,*,JF005,もう話したってことで。,,,,,,,,,,,,,,,,,,,,,
,,1,42,41,*,JF006,うん、はい、はい、どうも。,,,,,,,,,,,,,,,,,,,,,
,,1,43,42,*,JF006,<はいどうもー>{<}。,,,,,,,,,,,,,,,,,,,,,
,,2,44,43,*,JF005,<失礼しまー>{>}す。,,,,,,,,,,,,,,,,,,,,,
,,1,45,44,*,JF006,いやー、面白い(<笑い>)実験だねー。,,,,,,,,,,,,,,,,,,,,,
,,2,46,45,*,JF005,で、それも、先になんか説明があるのかと思ったら(<軽い笑い>)、何もなかったし。,,,,,,,,,,,,,,,,,,,,,
,,1,47,46,*,JF006,うん。,,,,,,,,,,,,,,,,,,,,,
,,2,48,47,*,JF005,<あーあ>{<}<笑い>。,,,,,,,,,,,,,,,,,,,,,
,,1,49,48,*,JF006,<なんだ>{>}か、消えるし。,,,,,,,,,,,,,,,,,,,,,
,,2,50,49,*,JF005,まあいいや。,,,,,,,,,,,,,,,,,,,,,
,,1,51,50,*,JF006,え、で、シティバンクが?。,,,,,,,,,,,,,,,,,,,,,
,,1,52,51,*,JF006,あ、どっちに、一長一短だからあんまり決めらんないって?。,,,,,,,,,,,,,,,,,,,,,
,,2,53,52,*,JF005,あたしの頭が悪いんだかわかんないんだけど、なんか、特別いいところがなくてー(うーん)、でもどこかに決めなきゃいけなくてー(うーん)、うん。,,,,,,,,,,,,,,,,,,,,,
,,1,54,53,*,JF006,うん、<そうねー>{<}。,,,,,,,,,,,,,,,,,,,,,
,,2,55,54,*,JF005,<みんな>{>}どうしてんだろうと。,,,,,,,,,,,,,,,,,,,,,
,,2,56,55,*,JF005,まー、お母さんにはさ(うん)、“「JF005あだ名」のあれは行ってた人一杯いるんだろうから、ちゃんと聞きなさいって”って(うーん)言われ、たんだけどー。,,,,,,,,,,,,,,,,,,,,,
,,1,57,56,*,JF006,うーん。,,,,,,,,,,,,,,,,,,,,,
,,2,58,57,*,JF005,なんかね、シティバンクって残高が30万円きると、毎月2100円も口座維持費っていうのがかかるんだって。,,,,,,,,,,,,,,,,,,,,,
,,1,59,58,*,JF006,え。,,,,,,,,,,,,,,,,,,,,,
,,2,60,59,*,JF005,ほんとに###しょ<笑い>[↑]。,,,,,,,,,,,,,,,,,,,,,
,,1,61,60,*,JF006,ほんとにそれはー。,,,,,,,,,,,,,,,,,,,,,
,,2,62,61,*,JF005,ありえないよね<笑いながら>。,,,,,,,,,,,,,,,,,,,,,
,,2,63,62-1,/,JF005,"それもね、それもね,,",,,,,,,,,,,,,,,,,,,,,
,,1,64,63,*,JF006,えー。,,,,,,,,,,,,,,,,,,,,,
,,2,65,62-2,*,JF005,なんか、私だったら「通貨名1」で引き落とすことに(うん)なるでしょ?。,,,,,,,,,,,,,,,,,,,,,
,,1,66,64,*,JF006,うん、うんうん。,,,,,,,,,,,,,,,,,,,,,
,,2,67,65,*,JF005,そんときにはー、レートとか関係あるから(うん)、“30万よりだいぶ多めに入れといていただかないとー”とか言って。,,,,,,,,,,,,,,,,,,,,,
,,2,68,66-1,/,JF005,"なんか,,",,,,,,,,,,,,,,,,,,,,,
,,1,69,67,*,JF006,げー。,,,,,,,,,,,,,,,,,,,,,
,,2,70,66-2,*,JF005,“30万入っていないことになるんでー”とか言われて。,,,,,,,,,,,,,,,,,,,,,
,,1,71,68,*,JF006,すごーい。,,,,,,,,,,,,,,,,,,,,,
,,2,72,69,*,JF005,知<らなかった>{<}。,,,,,,,,,,,,,,,,,,,,,
,,1,73,70,*,JF006,<資本の横>{>}暴だとか言ってやんなきゃいけないね<笑いながら>。,,,,,,,,,,,,,,,,,,,,,
,,2,74,71,*,JF005,<軽い笑い>ほんとに、ちょっと。,,,,,,,,,,,,,,,,,,,,,
,,2,75,72,*,JF005,でも、うーん。,,,,,,,,,,,,,,,,,,,,,
,,1,76,73,*,JF006,でも、「人名1」君、使ってたよ[↑]。,,,,,,,,,,,,,,,,,,,,,
,,2,77,74,*,JF005,え、シティバンク?。,,,,,,,,,,,,,,,,,,,,,
,,1,78,75,*,JF006,うん、そういえば。,,,,,,,,,,,,,,,,,,,,,
,,1,79,76,*,JF006,でも、いまは<###てー>{<}。,,,,,,,,,,,,,,,,,,,,,
,,2,80,77,*,JF005,<え、日本でも>{>}シティバンク使ってんの?。,,,,,,,,,,,,,,,,,,,,,
,,1,81,78,*,JF006,え、あ、でも、「地名1」に行くくからだ、作ったんだとは思う<けど>{<}。,,,,,,,,,,,,,,,,,,,,,
,,2,82,79,*,JF005,<なんか>{>}、2個、2個あるって言われて、日本、メインのか(うん)、シティバンクカードっていうのがあるって言われて(うん)、それは日本メインで、でも、海外でも引き降ろせる??、引きだせる??。,,,,,,,,,,,,,,,,,,,,,
,,1,83,80,*,JF006,どう違うの?。,,,,,,,,,,,,,,,,,,,,,
,,2,84,81,*,JF005,で(うん)、もう一個のワールドキャッシュカードっつって、海外でしか使えない??。,,,,,,,,,,,,,,,,,,,,,
,,1,85,82-1,/,JF006,"あ、でも、多分日本でもなんか、なんか、<ぴろぴろ>{<},,",,,,,,,,,,,,,,,,,,,,,
,,2,86,83,*,JF005,<下ろしてた?>{>}。,,,,,,,,,,,,,,,,,,,,,
,,1,87,82-2,*,JF006,見せてた気がするんだけど、<どうなんだろう?>{<}。,,,,,,,,,,,,,,,,,,,,,
,,2,88,84,*,JF005,<「人名1」君お金持ち>{>}なんじゃないの?<笑いながら>。,,,,,,,,,,,,,,,,,,,,,
,,1,89,85,*,JF006,でもー、んで、聞いて思ったのね。,,,,,,,,,,,,,,,,,,,,,
,,1,90,86-1,/,JF006,"あいつ、いっつも30万,,",,,,,,,,,,,,,,,,,,,,,
,,2,91,87,*,JF005,持っ<てるの>{<}<笑いながら>。,,,,,,,,,,,,,,,,,,,,,
,,1,92,86-2,*,JF006,<入れ>{>}てたのーとか思って。,,,,,,,,,,,,,,,,,,,,,
,,2,93,88,*,JF005,"そ、解約するまで永遠にかかりつづけるんだよ、2,100円<笑い>。",,,,,,,,,,,,,,,,,,,,,
,,2,94,89,*,JF005,やだよねー<笑いながら>。,,,,,,,,,,,,,,,,,,,,,
,,1,95,90,*,JF006,やだ。,,,,,,,,,,,,,,,,,,,,,
,,1,96,91-1,/,JF006,"ほんっとに、そんな<のさー>{<},,",,,,,,,,,,,,,,,,,,,,,
,,2,97,92,*,JF005,<利子>{>}より多いよって感じじゃない?。,,,,,,,,,,,,,,,,,,,,,
,,1,98,91-2,*,JF006,うん=。,,,,,,,,,,,,,,,,,,,,,
,,1,99,93-1,/,JF006,"=もう億単位にさー、億単位でやる人にとって,,",,,,,,,,,,,,,,,,,,,,,
,,2,100,94,*,JF005,そうでも、ほんと<そうらしい>{<}。,,,,,,,,,,,,,,,,,,,,,
,,1,101,93-2,*,JF006,<の話>{>}<だよねー>{<}。,,,,,,,,,,,,,,,,,,,,,
,,2,102,95,*,JF005,<お金持ちの>{>}銀行だよって。,,,,,,,,,,,,,,,,,,,,,
,,1,103,96,*,JF006,ちっ。,,,,,,,,,,,,,,,,,,,,,
,,1,104,97,*,JF006,ちっ。,,,,,,,,,,,,,,,,,,,,,
,,1,105,98,*,JF006,え、郵便局だとー(うん)、なんか、ゆ、デメリットはなにかあんの?。,,,,,,,,,,,,,,,,,,,,,
,,2,106,99-1,/,JF005,"それがさー<笑い>(うん、うん)、カード発行に1ヶ月かかってー[言いづらそうに],,",,,,,,,,,,,,,,,,,,,,,
,,1,107,100,*,JF006,えー、<もうじ、それ、だめだ>{<}<笑いながら>。,,,,,,,,,,,,,,,,,,,,,
,,2,108,99-2,*,JF005,<もうダメだよー>{>}[泣きがはいった感じで]。,,,,,,,,,,,,,,,,,,,,,
,,1,109,101,*,JF006,え、それは、それはまずいね。,,,,,,,,,,,,,,,,,,,,,
,,2,110,102,*,JF005,でもね、今週からたまたまその子も「地名4」行くんだけどー(うん)、その子はー、その子も結局間に合わなくて(うん)、ひとまず現金とビザカードでしばらく暮らしてー(うん、うん、うんうんうんうんうんうん)、で、できたら親に郵送してもらうって言ってたんだけどね。,,,,,,,,,,,,,,,,,,,,,
,,2,111,103,*,JF005,あたし思ったんだけどさ、確かにかる、こんなちっちゃいもんだけどさ(うん、うん)、ん、無事届かなかったら(そうそうそう)ものすごく大変なものでしょ?。,,,,,,,,,,,,,,,,,,,,,
,,2,112,104,*,JF005,だから、親も、送ってくれるかなーっとか思ったりして=。,,,,,,,,,,,,,,,,,,,,,
,,2,113,105,*,JF005,=まー、まー、今夜また相談なんだけど、あー、絶対怒られるなーとか思って。,,,,,,,,,,,,,,,,,,,,,
,,1,114,106,*,JF006,やー、でもカードはさー、やっぱまずいよね、送るの。,,,,,,,,,,,,,,,,,,,,,
,,2,115,107,*,JF005,そうなの(うーん)、そうなの、そうなの。,,,,,,,,,,,,,,,,,,,,,
,,2,116,108,*,JF005,んま、いくら「地名5」ではないとは言ってもさ(<笑い>)<笑い>、多分お母さんが怒る気がする、怒るっていうか。,,,,,,,,,,,,,,,,,,,,,
,,2,117,109,*,JF005,んー、やだなー、でも。,,,,,,,,,,,,,,,,,,,,,
,,1,118,110,*,JF006,でもね、決まったのも急だったしねー、それはー、<誰が悪いわけでもないし>{<}。,,,,,,,,,,,,,,,,,,,,,
,,2,119,111,*,JF005,<あー、でもねー、決まった日に速攻銀行>{>}行ってればね、そんなことにならなかったのよね=。,,,,,,,,,,,,,,,,,,,,,
,,2,120,112,*,JF005,=あたしが何とかなるとか思ってねー、ダラダラしてたらあと2週間とかんなっちゃったからねー。,,,,,,,,,,,,,,,,,,,,,
,,2,121,113,*,JF005,そう。,,,,,,,,,,,,,,,,,,,,,
,,2,122,114,*,JF005,できれば、お母さんに相談しないでうまく切り抜ける<笑い>方法を(<笑い>)、うまく探したいんだけど。,,,,,,,,,,,,,,,,,,,,,
,,1,123,115,*,JF006,あ[↑]、あ[↑]、あれ、あのー、お母さんが今週、月曜にやっときなさいって言ってたや、言ってたんだけどーって言ってたやつ?。,,,,,,,,,,,,,,,,,,,,,
,,1,124,116,*,JF006,あの、「人名2」のレジュメ切ってるときに言ってたやつ?。,,,,,,,,,,,,,,,,,,,,,
,,2,125,117,*,JF005,あ、そ、それは残高<照会>{<}。,,,,,,,,,,,,,,,,,,,,,
,,1,126,118,*,JF006,<あ、残高>{>}照会<笑いながら>。,,,,,,,,,,,,,,,,,,,,,
,,2,127,119,*,JF005,なんか、銀行に行く用事がいっぱい(うん)あってー。,,,,,,,,,,,,,,,,,,,,,
,,1,128,120,*,JF006,そっか、そっか、そっか。,,,,,,,,,,,,,,,,,,,,,
,,1,129,121,*,JF006,いやいやいや、また「人名2」やりやがってって思ったのよ<笑い>。,,,,,,,,,,,,,,,,,,,,,
,,2,130,122,*,JF005,うん、でも、まー、いいや。,,,,,,,,,,,,,,,,,,,,,
,,2,131,123,*,JF005,ちょと今夜考えて、明日にはやらなきゃ。,,,,,,,,,,,,,,,,,,,,,
,,1,132,124,*,JF006,うん、<うん>{<}。,,,,,,,,,,,,,,,,,,,,,
,,2,133,125,*,JF005,<もう>{>}、保険もね、郵送じゃ間に合わないとか、いう、き、次元らしいのね。,,,,,,,,,,,,,,,,,,,,,
,,2,134,126,*,JF005,もう、そ、それくらいギリギリなんだって。,,,,,,,,,,,,,,,,,,,,,
,,1,135,127,*,JF006,保険て、あの保険?。,,,,,,,,,,,,,,,,,,,,,
,,2,136,128-1,/,JF005,"海外旅行<の>{<},,",,,,,,,,,,,,,,,,,,,,,
,,1,137,129,*,JF006,<うん>{>}、の。,,,,,,,,,,,,,,,,,,,,,
,,2,138,128-2,*,JF005,さっき読んでたやつ。,,,,,,,,,,,,,,,,,,,,,
,,1,139,130,*,JF006,あ、は。,,,,,,,,,,,,,,,,,,,,,
,,2,140,131,*,JF005,もう、なんか、出発10日切ってる方はって書いてあって(うん)、土日ー、ああいうとこって多分挿ま、数えないで10日間(あん)て数えるじゃん。,,,,,,,,,,,,,,,,,,,,,
,,1,141,132,*,JF006,あ、そっか。,,,,,,,,,,,,,,,,,,,,,
,,2,142,133-1,/,JF005,"だか<ら>{<},,",,,,,,,,,,,,,,,,,,,,,
,,1,143,134,*,JF006,<あ>{>}、へー。,,,,,,,,,,,,,,,,,,,,,
,,2,144,133-2,*,JF005,あ、直接いかなきゃとか思って<笑い>。,,,,,,,,,,,,,,,,,,,,,
,,2,145,135,*,JF005,もう、ぎりぎり、ぎりっこ<軽く笑う>[脱力した感じで]。,,,,,,,,,,,,,,,,,,,,,
,,1,146,136,*,JF006,あー、でも、忙しいね、ほんとに。,,,,,,,,,,,,,,,,,,,,,
,,1,147,137,*,JF006,そっか、そっか。,,,,,,,,,,,,,,,,,,,,,
,,1,148,138,*,JF006,うーん。,,,,,,,,,,,,,,,,,,,,,
,,1,149,139,*,JF006,あ、ただね、や、やっぱね、きっちり、きっちりやっとかないとね、<困るもんね>{<}。,,,,,,,,,,,,,,,,,,,,,
,,2,150,140,*,JF005,<そうなの>{>}、そうなの。,,,,,,,,,,,,,,,,,,,,,
,,1,151,141,*,JF006,うん。,,,,,,,,,,,,,,,,,,,,,
,,2,152,142,*,JF005,そう。,,,,,,,,,,,,,,,,,,,,,
,,2,153,143,*,JF005,しも‘しかも’、あたしが何とかなると思っても、お母さんとか残ってる人に迷惑かけることになるかもしれないしさ。,,,,,,,,,,,,,,,,,,,,,
,,2,154,144,*,JF005,多分、何もしてなくても、迷惑は<笑い>多大にかけるからさ<笑いながら>。,,,,,,,,,,,,,,,,,,,,,
,,1,155,145,*,JF006,えー、なんでよ<笑いながら>。,,,,,,,,,,,,,,,,,,,,,
,,2,156,146,*,JF005,ね、減らせるとこは減らしてっとかなきゃって思うんだけどさ<笑いながら>。,,,,,,,,,,,,,,,,,,,,,
,,1,157,147,*,JF006,難しいね、海外で暮らすのって。,,,,,,,,,,,,,,,,,,,,,
,,1,158,148,*,JF006,おもった以上に結構あれなんだね。,,,,,,,,,,,,,,,,,,,,,
,,2,159,149,*,JF005,手間がかかるの<ね>{<}。,,,,,,,,,,,,,,,,,,,,,
,,1,160,150,*,JF006,<ねー>{>}。,,,,,,,,,,,,,,,,,,,,,
,,2,161,151,*,JF005,うん。,,,,,,,,,,,,,,,,,,,,,
,,1,162,152,*,JF006,あ、ま、旅行と違うもんね。,,,,,,,,,,,,,,,,,,,,,
,,1,163,153-1,/,JF006,"ぴゅー<と行って>{<},,",,,,,,,,,,,,,,,,,,,,,
,,2,164,154,*,JF005,<そうなの>{>}。,,,,,,,,,,,,,,,,,,,,,
,,1,165,153-2,*,JF006,ぴゅーっと帰って(うん、うん、うん)くるのとは違う<けど>{<}。,,,,,,,,,,,,,,,,,,,,,
,,2,166,155,*,JF005,<ちょっと>{>}長いからね。,,,,,,,,,,,,,,,,,,,,,
,,2,167,156,*,JF005,うん。,,,,,,,,,,,,,,,,,,,,,
,,1,168,157,*,JF006,そっか。,,,,,,,,,,,,,,,,,,,,,
,,1,169,158,*,JF006,でも、みんなどうしてるの?。,,,,,,,,,,,,,,,,,,,,,
,,2,170,159,*,JF005,そー、あたし、「人名3」さんとか聞きたいなと思ったの。,,,,,,,,,,,,,,,,,,,,,
,,1,171,160,*,JF006,うん。,,,,,,,,,,,,,,,,,,,,,
,,2,172,161,*,JF005,この前のとき、聞け、たら聞こうと思ってたけど、結局聞けなかったから、でも今日帰っちゃうんだよねー。,,,,,,,,,,,,,,,,,,,,,
,,1,173,162,*,JF006,うーん。,,,,,,,,,,,,,,,,,,,,,
,,2,174,163,*,JF005,<明日…>{<}。,,,,,,,,,,,,,,,,,,,,,
,,1,175,164,*,JF006,<お、終わ>{>}ったら行ってみるけど、上。,,,,,,,,,,,,,,,,,,,,,
,,2,176,165,*,JF005,うーん。,,,,,,,,,,,,,,,,,,,,,
,,1,177,166,*,JF006,うん。,,,,,,,,,,,,,,,,,,,,,
,,2,178,167,*,JF005,もう、お母さんもさ、かなりなんか、何だっけ、現代社会に追いついていけてない、ん、ん、人だからさ<2人で笑い>。,,,,,,,,,,,,,,,,,,,,,
,,1,179,168,*,JF006,なんで<笑いながら>。,,,,,,,,,,,,,,,,,,,,,
,,1,180,169,*,JF006,なんで<笑いながら>。,,,,,,,,,,,,,,,,,,,,,
,,2,181,170,*,JF005,何かあったらいけないから、“何かあったらいけないから”って(うん)、相当手に持っていきなさいとか言ってんの<2人で笑い>。,,,,,,,,,,,,,,,,,,,,,
,,2,182,171,*,JF005,当面暮らせるだけは手にもっていきなさいとか言って。,,,,,,,,,,,,,,,,,,,,,
,,1,183,172,*,JF006,うん、うん、うーん。,,,,,,,,,,,,,,,,,,,,,
,,1,184,173,*,JF006,いやー、ぶっちゃけ怖いもんね。,,,,,,,,,,,,,,,,,,,,,
,,1,185,174,*,JF006,でも、カードあるなら大丈夫じゃない?。,,,,,,,,,,,,,,,,,,,,,
,,2,186,175,*,JF005,うん?。,,,,,,,,,,,,,,,,,,,,,
,,1,187,176,*,JF006,カードは持ってるんでしょ?。,,,,,,,,,,,,,,,,,,,,,
,,2,188,177,*,JF005,ビザカード<とか?>{<}。,,,,,,,,,,,,,,,,,,,,,
,,1,189,178,*,JF006,<うん>{>}、うん、<うん、うん、うん>{<}。,,,,,,,,,,,,,,,,,,,,,
,,2,190,179,*,JF005,<うん、うん、うん、うん>{>}。,,,,,,,,,,,,,,,,,,,,,
,,1,191,180,*,JF006,そっか。,,,,,,,,,,,,,,,,,,,,,
,,2,192,181,*,JF005,何とかなると思ってたあたしが甘かったんだけどさ。,,,,,,,,,,,,,,,,,,,,,
,,2,193,182,*,JF005,めんどくさーい。,,,,,,,,,,,,,,,,,,,,,
,,1,194,183,*,JF006,ねー、めんどくさいね、ほんとに。,,,,,,,,,,,,,,,,,,,,,
,,2,195,184,*,JF005,まーしょうがないけどねー。,,,,,,,,,,,,,,,,,,,,,
,,1,196,185,*,JF006,うーん。,,,,,,,,,,,,,,,,,,,,,
,,1,197,186,*,JF006,え、その2つなの?、いまんとこ、<##で>{<}。,,,,,,,,,,,,,,,,,,,,,
,,2,198,187,*,JF005,<ううん>{>}、どこでもあるみたい。,,,,,,,,,,,,,,,,,,,,,
,,1,199,188,*,JF006,あ。,,,,,,,,,,,,,,,,,,,,,
,,2,200,189,*,JF005,なんか、とうみつ[東京三菱]もやってるし(うん)、ただね、窓口の人が声を、口をそろえていうのがね(うん)、“現地のことには詳しくないのでー(うん)、「地名2」で絶対下ろせるとかは分かりません”とか言われてー、<えーーなの>{<}<笑いながら>。,,,,,,,,,,,,,,,,,,,,,
,,1,201,190,*,JF006,<えーーーー>{>}[強く驚いた感じで]。,,,,,,,,,,,,,,,,,,,,,
,,2,202,191,*,JF005,そんなさ、“お金下ろしに「地名3」行ってきますじゃ困るんですけど”とか思って<笑いながら>。,,,,,,,,,,,,,,,,,,,,,
,,2,203,192,*,JF005,でも、でも、かい、どっちにしても海外で下ろし、海外で使えるように作られたカードだから、ワールドキャッシュカード(うん、うん)っていうは、“大体、相当の田舎に行かない限り大丈夫ですよ”(うん)って言われてー。,,,,,,,,,,,,,,,,,,,,,
,,2,204,193,*,JF005,「地名2」も、町ではないけど田舎じゃないっぽいしー。,,,,,,,,,,,,,,,,,,,,,
,,1,205,194-1,/,JF006,"まー、がく、留学生受け入れてるん(あ)だったら,,",,,,,,,,,,,,,,,,,,,,,
,,2,206,195,*,JF005,うん、<そうそう>{<}。,,,,,,,,,,,,,,,,,,,,,
,,1,207,194-2,*,JF006,<絶対>{>}大丈夫だよ。,,,,,,,,,,,,,,,,,,,,,
,,2,208,196,*,JF005,あ、日本人100人て書いてあった、昨日。,,,,,,,,,,,,,,,,,,,,,
,,1,209,197,*,JF006,あ、ほんとに。,,,,,,,,,,,,,,,,,,,,,
,,2,210,198-1,/,JF005,"本屋さんで立ち読みしてたらー(うん)、が、留学生が2400人でー、うち100人って書いてあったからー,,",,,,,,,,,,,,,,,,,,,,,
,,1,211,199,*,JF006,<あ、全然す>{<}【【。,,,,,,,,,,,,,,,,,,,,,
,,2,212,198-2,*,JF005,】】<“あ、適度>{>}な環境?”とか<思って>{<}。,,,,,,,,,,,,,,,,,,,,,
,,1,213,200,*,JF006,<そうだよー>{>}。,,,,,,,,,,,,,,,,,,,,,
,,1,214,201,*,JF006,うーん。,,,,,,,,,,,,,,,,,,,,,
,,2,215,202,*,JF005,ちょ、3人とかじゃ怖いけどさ。,,,,,,,,,,,,,,,,,,,,,
,,1,216,203,*,JF006,そ、<全く>{<}【【。,,,,,,,,,,,,,,,,,,,,,
,,2,217,204,*,JF005,】】<何千>{>}、何百人もいても(うーん)やじゃん。,,,,,,,,,,,,,,,,,,,,,
,,2,218,205,*,JF005,とおもったら、いいかなーっと思って。,,,,,,,,,,,,,,,,,,,,,
,,1,219,206,*,JF006,ほんっとに[強調して]困ったときとかさ<2人で笑い>。,,,,,,,,,,,,,,,,,,,,,
,,2,220,207,*,JF005,どうだろう<笑いながら>。,,,,,,,,,,,,,,,,,,,,,
,,2,221,208,*,JF005,困りそうだし<笑いながら>。,,,,,,,,,,,,,,,,,,,,,
,,2,222,209,*,JF005,<えーーーー>{<}[泣く真似]。,,,,,,,,,,,,,,,,,,,,,
,,1,223,210,*,JF006,<えー、やー、やー、やー>{>}、でも絶対そう思うもん(うん)、やっぱり<笑いながら>=。,,,,,,,,,,,,,,,,,,,,,
,,1,224,211,*,JF006,=なんか、もう、なんか、なりふり構っていられない状況になったときに(うん)、誰もいないのは(うん)やっぱちょっと不安だけど、いすぎてもねーって話だ#。,,,,,,,,,,,,,,,,,,,,,
,,1,225,212,*,JF006,ちょうどよかったね、ほんとに。,,,,,,,,,,,,,,,,,,,,,
,,2,226,213,*,JF005,うん、“調べ、ずに願書出したの?”って<笑い>(<笑い>)言われそうだけど<笑いながら>。,,,,,,,,,,,,,,,,,,,,,
,,2,227,214,*,JF005,でもね、そう昨日たまたま本屋さんで、また時間があったから(うん)いろいろ見てたら(うん、うん)、そう書いてあった。,,,,,,,,,,,,,,,,,,,,,
,,1,228,215,*,JF006,あ、よかった、よかった。,,,,,,,,,,,,,,,,,,,,,
,,2,229,216,*,JF005,したら、そこにさ、インターネットバンキングとか、そういう<難しい単語も出てきて>{<}<笑いながら>。,,,,,,,,,,,,,,,,,,,,,
,,1,230,217,*,JF006,<えー、やー>{>}、やめませんかっていう話だよね。,,,,,,,,,,,,,,,,,,,,,
,,2,231,218,*,JF005,そう。,,,,,,,,,,,,,,,,,,,,,
,,2,232,219,*,JF005,でー、うん、なんか、あ、これもほんとに意味がわかんないんだけど、ネット上でお金が動かせるとかいうの。,,,,,,,,,,,,,,,,,,,,,
,,1,233,220-1,/,JF006,"あっ[ため息],,",,,,,,,,,,,,,,,,,,,,,
,,2,234,221,*,JF005,あっ[ため息]。,,,,,,,,,,,,,,,,,,,,,
,,1,235,220-2,*,JF006,あたしには、あの、そういうバーチャルな世界は、<もう>{<}<笑い>。,,,,,,,,,,,,,,,,,,,,,
,,2,236,222,*,JF005,<そう>{>}なの<笑いながら>。,,,,,,,,,,,,,,,,,,,,,
,,2,237,223,*,JF005,そうなの<笑いながら>。,,,,,,,,,,,,,,,,,,,,,
,,2,238,224,*,JF005,もっと現実的に行こうよって<感じ>{<}<笑いながら>。,,,,,,,,,,,,,,,,,,,,,
,,1,239,225,*,JF006,<全然>{>}、だってお金動かないと、もう意味が分かんないとか。,,,,,,,,,,,,,,,,,,,,,
,,2,240,226,*,JF005,でも、そういうのもあるから、なんか、そっちの方がいいですよみたいなことが書いてあって。,,,,,,,,,,,,,,,,,,,,,
,,2,241,227,*,JF005,え、どういうこと?<笑い>。,,,,,,,,,,,,,,,,,,,,,
,,1,242,228,*,JF006,え、ね、どうやってお金来るの?<笑い>。,,,,,,,,,,,,,,,,,,,,,
,,2,243,229,*,JF005,意味が分かんないの、私も(<笑い>)。,,,,,,,,,,,,,,,,,,,,,
,,2,244,230,*,JF005,ほんとに分かんない。,,,,,,,,,,,,,,,,,,,,,
,,1,245,231,*,JF006,え、じゃらじゃら、どうやって出てくるのかが知りたいよね<若干笑い気味に>。,,,,,,,,,,,,,,,,,,,,,
,,2,246,232,*,JF005,<うーん>{<}。,,,,,,,,,,,,,,,,,,,,,
,,1,247,233,*,JF006,<どこで>{>}どう。,,,,,,,,,,,,,,,,,,,,,
,,2,248,234,*,JF005,え、でも、どこの銀行もやってるらしくて。,,,,,,,,,,,,,,,,,,,,,
,,1,249,235,*,JF006,え、それって、なんか、こ、こ、本買うみたいにさ(うん)、なんか、ういーんって下ろしてきてさ、これ、こういう、こうなんですけどって言ってもらえるとか?、窓口で。,,,,,,,,,,,,,,,,,,,,,
,,2,250,236-1,/,JF005,"いや、宛先指定して振り込んだりとかー,,",,,,,,,,,,,,,,,,,,,,,
,,1,251,237,*,JF006,あ、<あー>{<}。,,,,,,,,,,,,,,,,,,,,,
,,2,252,236-2,*,JF005,<ネット>{>}上で。,,,,,,,,,,,,,,,,,,,,,
,,1,253,238,*,JF006,あ、あ、あ、そういうことか。,,,,,,,,,,,,,,,,,,,,,
,,1,254,239,*,JF006,<え?>{<}【【。,,,,,,,,,,,,,,,,,,,,,
,,2,255,240,*,JF005,】】<でも>{>}ね、口座から口座へお金が移せるみたいなことも書いてあってね。,,,,,,,,,,,,,,,,,,,,,
,,2,256,241,*,JF005,は?<笑い>。,,,,,,,,,,,,,,,,,,,,,
,,1,257,242,*,JF006,お母さんがー(うん)、ネット上でぴこぴこやって、「JF005姓名」様のところへういーんってやれるってこと?。,,,,,,,,,,,,,,,,,,,,,
,,2,258,243,*,JF005,それもあるのかな?。,,,,,,,,,,,,,,,,,,,,,
,,1,259,244,*,JF006,うーん。,,,,,,,,,,,,,,,,,,,,,
,,2,260,245,*,JF005,わかんない、どこ、どこまでを、こう、まとめてー、インターネットバンキングって(うーん)、言うのかも分かんないからー。,,,,,,,,,,,,,,,,,,,,,
,,1,261,246,*,JF006,そっか、そっか。,,,,,,,,,,,,,,,,,,,,,
,,2,262,247,*,JF005,そ、これを口実にさー、経済学部に聞こうと思ってさ(うん、うん)、「地名3」の方‘かた’に電話したんだけどでなくてさー<笑い>。,,,,,,,,,,,,,,,,,,,,,
,,2,263,248,*,JF005,結局週末会えなかったでしょー。,,,,,,,,,,,,,,,,,,,,,
,,1,264,249,*,JF006,うん、うん、うん。,,,,,,,,,,,,,,,,,,,,,
,,2,265,250,*,JF005,でさー、あの日、<軽く笑う>何て入ってきた[携帯のメール]、あー、消したかな。,,,,,,,,,,,,,,,,,,,,,
,,2,266,251,*,JF005,お母さんのね(うん)、名前で入ってきたけど、明らかに「人名4」のくち(うーん)、口調で入ってきたから(うん、うん)、“さっき「人名4」メールしたでしょ”って言ったら(うん)、“何で知ってんの、今帰ってるよ”とかって電話かかってきてー。,,,,,,,,,,,,,,,,,,,,,
,,1,267,252,*,JF006,<軽い笑い>「人名4」[この間、JF005も笑っている]。,,,,,,,,,,,,,,,,,,,,,
,,2,268,253,*,JF005,<笑い>そう、でねー、お昼メールかえ、入ってきたけどー、何て返していいかわかんなくてー(うん、うん、うん)、結局夜9時、おうち帰ってから返事(うん)、返事っていうか、メールしたのね。,,,,,,,,,,,,,,,,,,,,,
,,1,269,254,*,JF006,うん。,,,,,,,,,,,,,,,,,,,,,
,,2,270,255,*,JF005,したら、“ばかじゃないの?”とか言われて。,,,,,,,,,,,,,,,,,,,,,
,,2,271,256,*,JF005,あなたね、弱ってる人にばかはないでしょとか思ったんだけどさ<笑いながら>。,,,,,,,,,,,,,,,,,,,,,
,,1,272,257,*,JF006,えー、なんでー、<わかんない>{<}。,,,,,,,,,,,,,,,,,,,,,
,,2,273,258,*,JF005,<お昼メール入ってきたとき>{>}にー(うん)、“やっぱり「JF005名」は速攻返すべきだったわよ”とか言われて。,,,,,,,,,,,,,,,,,,,,,
,,1,274,259,*,JF006,うん、あ、ごめん、ごめんな。,,,,,,,,,,,,,,,,,,,,,
,,2,275,260,*,JF005,なんで?。,,,,,,,,,,,,,,,,,,,,,
,,1,276,261,*,JF006,なんか、いや。,,,,,,,,,,,,,,,,,,,,,
,,2,277,262,*,JF005,え、ごめんじゃないよ。,,,,,,,,,,,,,,,,,,,,,
,,2,278,263,*,JF005,だって(うん)「JF006あだ名」何度も言ってくれたのに(<笑い>)、「JF005名」が、「JF005名」がかたくなに拒否してたんだもん<笑いながら>。,,,,,,,,,,,,,,,,,,,,,
,,2,279,264,*,JF005,“いい”、“いい”、とか言って<笑いながら>。,,,,,,,,,,,,,,,,,,,,,
,,1,280,265,*,JF006,や、うん、うん、で、うん。,,,,,,,,,,,,,,,,,,,,,
,,2,281,266,*,JF005,そう、でもね、そうやって連絡くれたんやったらね(うん)、“今日どうする?あう?”みたいな感じで(うん)返しとけば会えたかもしれんのにね(うん)、“そんな夜中の、夜の9時んなってね(うん)、今日会いたかったのにって言われたって、向こうだって困るよ”って言われて。,,,,,,,,,,,,,,,,,,,,,
,,2,282,267,*,JF005,でも、それはそれで、確かに(うん)、なんか、うん、こう<笑い>、正しいなとは思ったの。,,,,,,,,,,,,,,,,,,,,,
,,1,283,268,*,JF006,おー、筋は通ってる<ってこと?>{<}。,,,,,,,,,,,,,,,,,,,,,
,,2,284,269,*,JF005,<筋は通って>{>}るなとは(うん、うん)おもったの。,,,,,,,,,,,,,,,,,,,,,
,,2,285,270,*,JF005,うーん。,,,,,,,,,,,,,,,,,,,,,
,,2,286,271,*,JF005,だから電話したけど、出なくてー。,,,,,,,,,,,,,,,,,,,,,
,,1,287,272,*,JF006,うーん。,,,,,,,,,,,,,,,,,,,,,
,,2,288,273,*,JF005,で、昨日は昨日で、こんな口実もあるしと思って電話したけど出なくてー。,,,,,,,,,,,,,,,,,,,,,
,,1,289,274,*,JF006,うーん。,,,,,,,,,,,,,,,,,,,,,
,,2,290,275,*,JF005,そんな感じ<笑い>。,,,,,,,,,,,,,,,,,,,,,
,,1,291,276,*,JF006,うーん。,,,,,,,,,,,,,,,,,,,,,
,,2,292,277,*,JF005,もう、困ったさんだよ、ほんとに。,,,,,,,,,,,,,,,,,,,,,
,,1,293,278,*,JF006,え、でも、でも、その辺の駆け引きってわからんやん=。,,,,,,,,,,,,,,,,,,,,,
,,1,294,279,*,JF006,=だって、前はほら、前は、あ、でもそんなん<前は状況が違うって>{<}。,,,,,,,,,,,,,,,,,,,,,
,,2,295,280,*,JF005,<え?、前はって?>{>}。,,,,,,,,,,,,,,,,,,,,,
,,1,296,281,*,JF006,前は、ほら、そんなすぐ返しちゃだめとか言ってたじゃん<笑いながら><笑い>。,,,,,,,,,,,,,,,,,,,,,
,,1,297,282,*,JF006,あ、それは前の話?<軽く笑いながら>。,,,,,,,,,,,,,,,,,,,,,
,,2,298,283,*,JF005,あ、あ、押し過ぎはだめって?<大きな笑い>。,,,,,,,,,,,,,,,,,,,,,
,,1,299,284,*,JF006,そう、そんなの難しくて判断できないよ、そんなのー<笑いながら>。,,,,,,,,,,,,,,,,,,,,,
,,2,300,285,*,JF005,<笑い>。,,,,,,,,,,,,,,,,,,,,,
,,2,301,286,*,JF005,判断できないよねー、でも実際[小さい声で独り言的に]。,,,,,,,,,,,,,,,,,,,,,
,,1,302,287,*,JF006,うーーん。,,,,,,,,,,,,,,,,,,,,,
,,2,303,288,*,JF005,うーーーん。,,,,,,,,,,,,,,,,,,,,,
,,1,304,289,*,JF006,でも、日にち言ってあるんだもんね?、行く日。,,,,,,,,,,,,,,,,,,,,,
,,2,305,290,*,JF005,うん。,,,,,,,,,,,,,,,,,,,,,
,,1,306,291,*,JF006,うん。,,,,,,,,,,,,,,,,,,,,,
,,2,307,292,*,JF005,うん、もう今週末がラーストチャンスって感じ<笑い>。,,,,,,,,,,,,,,,,,,,,,
,,1,308,293,*,JF006,うーん。,,,,,,,,,,,,,,,,,,,,,
,,1,309,294,*,JF006,それは、ほら。,,,,,,,,,,,,,,,,,,,,,
,,1,310,295,*,JF006,《沈黙6秒》そっか、うーーーん。,,,,,,,,,,,,,,,,,,,,,
,,2,311,296,*,JF005,あ、ごめんね、なんか[↓]、マシンガンのようにしゃべってしまった<笑い>。,,,,,,,,,,,,,,,,,,,,,
,,1,312,297,*,JF006,いや、全然い、全然いいんだけど。,,,,,,,,,,,,,,,,,,,,,
,,1,313,298,*,JF006,そっか、そっか、と思って。,,,,,,,,,,,,,,,,,,,,,
,,2,314,299,*,JF005,そうなのです。,,,,,,,,,,,,,,,,,,,,,
,,2,315,300,*,JF005,うーん、ふーん。,,,,,,,,,,,,,,,,,,,,,
,,1,316,301,*,JF006,《沈黙5秒》うーん。,,,,,,,,,,,,,,,,,,,,,
,,2,317,302,*,JF005,でも、出てもらえない電話はもうどうしょもないからな。,,,,,,,,,,,,,,,,,,,,,
,,1,318,303,*,JF006,うーん。,,,,,,,,,,,,,,,,,,,,,
,,2,319,304,*,JF005,ねー、「JF006あだ名」の携帯ってさー(うん)、何回で留守電になるとかって決まってる?。,,,,,,,,,,,,,,,,,,,,,
,,2,320,305,*,JF005,トゥルルル、トゥルルルがさ、何秒で留守電とか?[↓]。,,,,,,,,,,,,,,,,,,,,,
,,1,321,306-1,/,JF006,"あー、あのー,,",,,,,,,,,,,,,,,,,,,,,
,,2,322,307,*,JF005,設定してる?。,,,,,,,,,,,,,,,,,,,,,
,,1,323,306-2,*,JF006,留守電ってすれば、なる。,,,,,,,,,,,,,,,,,,,,,
,,2,324,308,*,JF005,あ、いつもはしてない?。,,,,,,,,,,,,,,,,,,,,,
,,1,325,309,*,JF006,うん、いつもはしてないけど、なんかね、どうやら、なん、相当鳴ると、勝手になるらしい。,,,,,,,,,,,,,,,,,,,,,
,,2,326,310,*,JF005,あ、ふーん。,,,,,,,,,,,,,,,,,,,,,
,,1,327,311,*,JF006,なんで?、なんで?。,,,,,,,,,,,,,,,,,,,,,
,,2,328,312,*,JF005,《沈黙3秒》その人の携帯はね(うん)、<軽い笑い>なんか、3回で留守電になるときもあれば(うん)、20回ぐらいなってから留守電になる、なるときもあるから、こう意図的にやってるとしか思えなくてね。,,,,,,,,,,,,,,,,,,,,,
,,2,329,313,*,JF005,もう、なんかそういうのやだーと思って[ボリュームを下げて叫んでいる]。,,,,,,,,,,,,,,,,,,,,,
,,1,330,314,*,JF006,あーー。,,,,,,,,,,,,,,,,,,,,,
,,2,331,315,*,JF005,あ、“「JF005名」だ”と思って、留守電って。,,,,,,,,,,,,,,,,,,,,,
,,1,332,316,*,JF006,3、変え、られるかっていう質問だった?、さっきのもしかして。,,,,,,,,,,,,,,,,,,,,,
,,2,333,317,*,JF005,うん。,,,,,,,,,,,,,,,,,,,,,
,,1,334,318,*,JF006,あ、自分で変えられる、それは。,,,,,,,,,,,,,,,,,,,,,
,,2,335,319,*,JF005,おー。,,,,,,,,,,,,,,,,,,,,,
,,1,336,320,*,JF006,うん。,,,,,,,,,,,,,,,,,,,,,
,,2,337,321,*,JF005,うん。,,,,,,,,,,,,,,,,,,,,,
,,2,338,322,*,JF005,そ、うん。,,,,,,,,,,,,,,,,,,,,,
,,2,339,323,*,JF005,あ、でも、そんな毎日変えたりしないじゃんね、そんなの。,,,,,,,,,,,,,,,,,,,,,
,,1,340,324,*,JF006,<笑い>毎日<笑いながら>。,,,,,,,,,,,,,,,,,,,,,
,,2,341,325,*,JF005,<笑い>。,,,,,,,,,,,,,,,,,,,,,
,,2,342,326,*,JF005,毎日さ、今日は3秒で留守電とか、今日は10秒で留守電とかしないじゃん。,,,,,,,,,,,,,,,,,,,,,
,,2,343,327,*,JF005,だからさー、もう、ほんとに何考えてるかわかんなくてー、あー[ボリュームを下げて叫んでいる]。,,,,,,,,,,,,,,,,,,,,,
,,1,344,328-1,/,JF006,"わたしな、電話鳴って、あー、今こま、あの、例えばさ、あの、授業中とか(うん)ゼミの中とか困ったときは、なんか、ピコって押すと,,",,,,,,,,,,,,,,,,,,,,,
,,2,345,329,*,JF005,留守電になる?。,,,,,,,,,,,,,,,,,,,,,
,,1,346,328-2,*,JF006,なる、うん。,,,,,,,,,,,,,,,,,,,,,
,,1,347,330,*,JF006,てか、んー、なるって分かってたわけじゃなくて、押したらなったから<2人で笑い>、結果的に、“あ、そ、これでいんだ”って思ったっていう程度の話しなんだけど。,,,,,,,,,,,,,,,,,,,,,
,,2,348,331,*,JF005,そっかー。,,,,,,,,,,,,,,,,,,,,,
,,1,349,332,*,JF006,うーん。,,,,,,,,,,,,,,,,,,,,,
,,2,350,333,*,JF005,なんかねー。,,,,,,,,,,,,,,,,,,,,,
,,2,351,334,*,JF005,こういう雑念のないところに早く行きたい<笑い>。,,,,,,,,,,,,,,,,,,,,,
,,1,352,335,*,JF006,ざつ…<笑いながら>。,,,,,,,,,,,,,,,,,,,,,
,,2,353,336,*,JF005,ほんとに<軽く笑いながら>。,,,,,,,,,,,,,,,,,,,,,
,,1,354,337,*,JF006,《沈黙5秒》いっぱい、じゃあ週末会わなきゃ。,,,,,,,,,,,,,,,,,,,,,
,,2,355,338,*,JF005,《沈黙3秒》うん[ごく小さい声で]。,,,,,,,,,,,,,,,,,,,,,
,,1,356,339,*,JF006,雑念、雑念かどうかは分からんけど<笑いながら>。,,,,,,,,,,,,,,,,,,,,,
,,2,357,340,*,JF005,雑念。,,,,,,,,,,,,,,,,,,,,,
,,2,358,341,*,JF005,ほんとに雑念。,,,,,,,,,,,,,,,,,,,,,
,,2,359,342,*,JF005,もうやだ。,,,,,,,,,,,,,,,,,,,,,
,,2,360,343-1,/,JF005,"昨日ね、すっごい久しぶり、ほんと久しぶりにね(うん)、予備校んときの友達からね(うん)、なんか、“「JF005名」留学行くらしいじゃん”って、どっから聞いたのって感じなんだけど(うん)、メール入ってきて,,",,,,,,,,,,,,,,,,,,,,,
,,1,361,344,*,JF006,早いな<笑いながら>[この間、JF005は笑っている]。,,,,,,,,,,,,,,,,,,,,,
,,1,362,345,*,JF006,どう回ったんやろ<笑いながら>[この間、JF005は笑っている]。,,,,,,,,,,,,,,,,,,,,,
,,2,363,343-2,*,JF005,そう、どっから、どこ情報[↑]とか思ったんだけど<笑いながら>。,,,,,,,,,,,,,,,,,,,,,
,,2,364,346,*,JF005,メール入ってきて、すごい久しぶりにメールしてて。,,,,,,,,,,,,,,,,,,,,,
,,2,365,347,*,JF005,でさー、“「JF005名」彼氏できた?”とかいうからさ、“いなーい”とかいって、“そっちは?”とかいったらね<軽く笑い気味>、彼女と写った写真を送ってきてね(うん)、なんかね、聞いときながらそれ見てね(うん)、なんかね、“胸が痛い”とか返事したらね、“どしたの、「JF005名」”とか(<笑い>)言われてね<笑いながら>。,,,,,,,,,,,,,,,,,,,,,
,,1,366,348,*,JF006,うん、うん、うん。,,,,,,,,,,,,,,,,,,,,,
,,2,367,349,*,JF005,そう、そんな話しをしてた。,,,,,,,,,,,,,,,,,,,,,
,,1,368,350,*,JF006,そっかー。,,,,,,,,,,,,,,,,,,,,,
,,1,369,351,*,JF006,ふーーーん。,,,,,,,,,,,,,,,,,,,,,
,,2,370,352,*,JF005,でも、その人も意味わかんなくてさー(うん)、“実はさっき送ったの前の彼女でさー”って、“人生で一番好きな人だったんだー”とか言ってて、“今の彼女は好きじゃないんだよねー”とか<笑い>言っ<てて>{<}。,,,,,,,,,,,,,,,,,,,,,
,,1,371,353,*,JF006,<えーー>{>}<ーー>{<}。,,,,,,,,,,,,,,,,,,,,,
,,2,372,354,*,JF005,<なんか>{>}、“付き合ってはいるけど、恋愛はしてないんだよね”、とかメール入ってきてね。,,,,,,,,,,,,,,,,,,,,,
,,1,373,355,*,JF006,うーーーーーーん<軽く笑う>。,,,,,,,,,,,,,,,,,,,,,
,,2,374,356,*,JF005,で、で、“あー、恋愛って難しいね”って、しゃべってたの。,,,,,,,,,,,,,,,,,,,,,
,,2,375,357-1,/,JF005,"好きだ、なんか、あー、人生で一番好きな人とも別れ、ちゃうの[↑]、って思ったしー,,",,,,,,,,,,,,,,,,,,,,,
,,1,376,358,*,JF006,うーん、<うん、うん、うん>{<}。,,,,,,,,,,,,,,,,,,,,,
,,2,377,357-2,/,JF005,"<それでまた>{>}、<次に>{<},,",,,,,,,,,,,,,,,,,,,,,
,,1,378,359,*,JF006,<うん>{>}、うん、うん、うん。,,,,,,,,,,,,,,,,,,,,,
,,2,379,357-3,*,JF005,そういう人が、心の中にいても、次に(うーん)、行けちゃうっていうか行っちゃったんだか分かんないけどー。,,,,,,,,,,,,,,,,,,,,,
,,2,380,360,*,JF005,で、“恋愛って難しいね”って、なんか、あーまた飲みながらしゃべりたいねっていう結論になったんだけどー<笑い>。,,,,,,,,,,,,,,,,,,,,,
,,1,381,361,*,JF006,うーーーん。,,,,,,,,,,,,,,,,,,,,,
,,1,382,362,*,JF006,えー、人生で一番…はぁ[ため息]そっか。,,,,,,,,,,,,,,,,,,,,,
,,2,383,363,*,JF005,うーん。,,,,,,,,,,,,,,,,,,,,,
,,2,384,364,*,JF005,まあ、「JF006あだ名」の今みたいな感じかしら<軽い笑い>。,,,,,,,,,,,,,,,,,,,,,
,,1,385,365,*,JF006,えー(<大きな笑い>)、あたし、あんなのが一番でいいのー?=。,,,,,,,,,,,,,,,,,,,,,
,,2,386,366,*,JF005,=あんなのって言わないでよ<笑いながら>。,,,,,,,,,,,,,,,,,,,,,
,,2,387,367,*,JF005,なんで<笑いながら>。,,,,,,,,,,,,,,,,,,,,,
,,2,388,368,*,JF005,え、でもさー、彼を超えなきゃさーっ、ていう意味では一番でしょ?。,,,,,,,,,,,,,,,,,,,,,
,,1,389,369,*,JF006,《少し間》え?<2人で笑い>。,,,,,,,,,,,,,,,,,,,,,
,,1,390,370,*,JF006,いやー、超えなきゃやだよ。,,,,,,,,,,,,,,,,,,,,,
,,1,391,371,*,JF006,うん、やだと思う。,,,,,,,,,,,,,,,,,,,,,
,,1,392,372,*,JF006,結構ひょいっと超えちゃったりしてね。,,,,,,,,,,,,,,,,,,,,,
,,2,393,373,*,JF005,あははははは<笑い>。,,,,,,,,,,,,,,,,,,,,,
,,2,394,374,*,JF005,いたみた<いな>{<}。,,,,,,,,,,,,,,,,,,,,,
,,1,395,375,*,JF006,<そうそう>{>}。,,,,,,,,,,,,,,,,,,,,,
,,1,396,376,*,JF006,あ、超えてるとか。,,,,,,,,,,,,,,,,,,,,,
,,2,397,377,*,JF005,あ、でもそれはそれで幸せなことだよね。,,,,,,,,,,,,,,,,,,,,,
,,1,398,378,*,JF006,うーん[解せないといった感じ]。,,,,,,,,,,,,,,,,,,,,,
,,2,399,379,*,JF005,もっと素敵な人が現れるってわけでしょ?。,,,,,,,,,,,,,,,,,,,,,
,,1,400,380,*,JF006,うーん。,,,,,,,,,,,,,,,,,,,,,
,,2,401,381,*,JF005,でも、ほら人から見たらあれ以上ってそこら中に、って別に私の問題だからいいんだけどさ<笑いながら>。,,,,,,,,,,,,,,,,,,,,,
,,2,402,382,*,JF005,それも失礼なんだけど、結構<笑いながら>。,,,,,,,,,,,,,,,,,,,,,
,,1,403,383,*,JF006,あ[ふと我に返った感じ]。,,,,,,,,,,,,,,,,,,,,,
,,2,404,384,*,JF005,そこら、そこら中ってことはないよ。,,,,,,,,,,,,,,,,,,,,,
,,1,405,385,*,JF006,まー、「JF005あだ名」たら<笑い>[うれしさがきわまった感じで]。,,,,,,,,,,,,,,,,,,,,,
,,2,406,386,*,JF005,いや、嫌いだよ、私は[わざとまじめな感じで]。,,,,,,,,,,,,,,,,,,,,,
,,1,407,387,*,JF006,<笑い>。,,,,,,,,,,,,,,,,,,,,,
,,2,408,388,*,JF005,私は、嫌い、ほんとに<笑う>。,,,,,,,,,,,,,,,,,,,,,
,,1,409,389,*,JF006,いや、でもー、どうなんだろうね。,,,,,,,,,,,,,,,,,,,,,
,,1,410,390,*,JF006,うん、まー、普通、普通、普通に今日も話して、ただけだけど。,,,,,,,,,,,,,,,,,,,,,
,,2,411,391,*,JF005,いた、まだ?。,,,,,,,,,,,,,,,,,,,,,
,,2,412,392,*,JF005,いる?。,,,,,,,,,,,,,,,,,,,,,
,,1,413,393-1,/,JF006,"まーだー、あでもねー、<##がねー>{<},,",,,,,,,,,,,,,,,,,,,,,
,,2,414,394,*,JF005,<もう帰ったかな?、「人名5」学校休みだから>{>}。,,,,,,,,,,,,,,,,,,,,,
,,1,415,393-2,*,JF006,よく分かんないんだなー。,,,,,,,,,,,,,,,,,,,,,
,,1,416,395,*,JF006,《沈黙2秒》でもー、絶対ー、ちゃ、た、調子悪いのは確かみたいだよね。,,,,,,,,,,,,,,,,,,,,,
,,2,417,396,*,JF005,あ、今日まだ復活はしてないの?、週末寝てて。,,,,,,,,,,,,,,,,,,,,,
,,1,418,397,*,JF006,うーん、何かほんとに調子悪いみたいなんだよね。,,,,,,,,,,,,,,,,,,,,,
,,1,419,398,*,JF006,だからさー、あたし、病院行かないのかなって思ったんだよね。,,,,,,,,,,,,,,,,,,,,,
,,1,420,399,*,JF006,そんな寝てないで(うーん)病院行きなよって思ったけど。,,,,,,,,,,,,,,,,,,,,,
,,1,421,400,*,JF006,《沈黙2秒》そこまで言えず。,,,,,,,,,,,,,,,,,,,,,
,,1,422,401,*,JF006,今度いな、今度なんか言ったら言おうと思った。,,,,,,,,,,,,,,,,,,,,,
,,2,423,402,*,JF005,うーん。,,,,,,,,,,,,,,,,,,,,,
,,1,424,403,*,JF006,うーん。,,,,,,,,,,,,,,,,,,,,,
,,2,425,404,*,JF005,でもさ、忙しいほど、忙しい人ほどさ、病院に言った方が早く、ね、時間がいくらでもあるならさ、(うん、うん、うん)寝て直せばいいけどさ(うーん)、忙しいならさー、早く病院行って点滴なり薬なりで、ちゃっと治したほうが自分も楽だろうにね。,,,,,,,,,,,,,,,,,,,,,
,,1,426,405,*,JF006,ねー<笑い>。,,,,,,,,,,,,,,,,,,,,,
,,1,427,406,*,JF006,病院嫌いなんじゃん?<笑い>。,,,,,,,,,,,,,,,,,,,,,
,,2,428,407,*,JF005,<軽く笑う>多いけど、そういう人。,,,,,,,,,,,,,,,,,,,,,
,,1,429,408,*,JF006,ここは「人名6」出番だよ(<軽く笑う>)。,,,,,,,,,,,,,,,,,,,,,
,,1,430,409,*,JF006,ふーん。,,,,,,,,,,,,,,,,,,,,,
,,1,431,410,*,JF006,ね。,,,,,,,,,,,,,,,,,,,,,
,,1,432,411,*,JF006,さっさと、行くべきだとあたしも思うんだけどねー。,,,,,,,,,,,,,,,,,,,,,
,,2,433,412,*,JF005,うーん。,,,,,,,,,,,,,,,,,,,,,
,,2,434,413,*,JF005,《沈黙6秒》死ぬかもしれないんだよね。,,,,,,,,,,,,,,,,,,,,,
,,2,435,414,*,JF005,先生が言うとあんまり冗談ぽくないもんね。,,,,,,,,,,,,,,,,,,,,,
,,1,436,415,*,JF006,そう、あたしさー、笑ってるから、私も笑うべきなの=。,,,,,,,,,,,,,,,,,,,,,
,,1,437,416,*,JF006,=でも笑えないんだけどって思ってー。,,,,,,,,,,,,,,,,,,,,,
,,2,438,417,*,JF005,<笑い>ねー。,,,,,,,,,,,,,,,,,,,,,
,,1,439,418,*,JF006,うん、うん、うん。,,,,,,,,,,,,,,,,,,,,,
,,2,440,419,*,JF005,うーん。,,,,,,,,,,,,,,,,,,,,,
,,1,441,420,*,JF006,“死ぬかもしれないから、みんな親孝行しといてね”とか。,,,,,,,,,,,,,,,,,,,,,
,,2,442,421,*,JF005,え、親孝行?<笑い>。,,,,,,,,,,,,,,,,,,,,,
,,1,443,422,*,JF006,うん、多分そう(<大きな笑い>)。,,,,,,,,,,,,,,,,,,,,,
,,1,444,423,*,JF006,多分そういう意味だと思うんだよね。,,,,,,,,,,,,,,,,,,,,,
,,2,445,424,*,JF005,ばかじゃないの<大きな笑い>。,,,,,,,,,,,,,,,,,,,,,
,,1,446,425,*,JF006,多分、“あなたの言いたいことはそういうこと?”って思ったけど。,,,,,,,,,,,,,,,,,,,,,
,,2,447,426,*,JF005,だめだよねー。,,,,,,,,,,,,,,,,,,,,,
,,1,448,427,*,JF006,うーん。,,,,,,,,,,,,,,,,,,,,,
,,1,449,428,*,JF006,つらーいんだろうね、体が。,,,,,,,,,,,,,,,,,,,,,
,,2,450,429,*,JF005,うーん。,,,,,,,,,,,,,,,,,,,,,
,,1,451,430,*,JF006,それでご飯食べてないから。,,,,,,,,,,,,,,,,,,,,,
,,1,452,431,*,JF006,<笑い>でさー(うん)、で、人、なんか、それでなんか食べればいいのに(うん)、「人名4」が置いておいた、あの、いちごの、いちごだっけ?、あれ。,,,,,,,,,,,,,,,,,,,,,
,,2,453,432,*,JF005,いちごミルクの飴?。,,,,,,,,,,,,,,,,,,,,,
,,1,454,433,*,JF006,うん、あれ食べてんの。,,,,,,,,,,,,,,,,,,,,,
,,1,455,434,*,JF006,だから、“そんなもんばっか食べたら血どろどろだよ、あんた”って思うんだけどさ。,,,,,,,,,,,,,,,,,,,,,
,,1,456,435-1,/,JF006,"あれってさ、1個た、なめるからおいしいのであって(うん),,",,,,,,,,,,,,,,,,,,,,,
,,2,457,436,*,JF005,え、何個も食べてたの?。,,,,,,,,,,,,,,,,,,,,,
,,1,458,435-2,*,JF006,そう。,,,,,,,,,,,,,,,,,,,,,
,,1,459,437,*,JF006,3個も4個も食べておいしいもんじゃないだろうにと思うんだけど。,,,,,,,,,,,,,,,,,,,,,
,,2,460,438,*,JF005,<笑い>もうあれじゃないの、なんか、飴じゃなくて、がりがり食べてたんじゃないの?<笑いながら>(<笑い>)。,,,,,,,,,,,,,,,,,,,,,
,,1,461,439,*,JF006,でなんかー、“もうない、ない”って言うから、そうだろうなと思ってパン持ってった(うんうん)からね(うんうん)、“半分こしませんか”って言ったらー、なんか<軽い笑い>、“いい、いい、むしゃむしゃ、むしゃむしゃしちゃうからいい”とか言って。,,,,,,,,,,,,,,,,,,,,,
,,2,462,440,*,JF005,はー[ため息]。,,,,,,,,,,,,,,,,,,,,,
,,1,463,441-1,/,JF006,"別にさー(うん)、《沈黙4秒》ねー<軽い笑い>,,",,,,,,,,,,,,,,,,,,,,,
,,2,464,442,*,JF005,うん?。,,,,,,,,,,,,,,,,,,,,,
,,1,465,441-2,*,JF006,食べればいいのにって思うんだけど。,,,,,,,,,,,,,,,,,,,,,
,,1,466,443,*,JF006,気ー、使ってんのかしらないけど。,,,,,,,,,,,,,,,,,,,,,
,,1,467,444,*,JF006,気の使い方の場所が違うんだよね。,,,,,,,,,,,,,,,,,,,,,
,,2,468,445,*,JF005,うーん。,,,,,,,,,,,,,,,,,,,,,
,,2,469,446-1,/,JF005,"そ、でも、「人名4」が言ってたんだか、「人名7」が言ってたんだか忘れたんだけどさー、社会人が言ってたんだけどさ、なんか、“健康管理も社会人の仕事なんだよね”って,,",,,,,,,,,,,,,,,,,,,,,
,,1,470,447,*,JF006,あーあー、<そっかー>{<}。,,,,,,,,,,,,,,,,,,,,,
,,2,471,446-2,*,JF005,<言って>{>}たんだよね。,,,,,,,,,,,,,,,,,,,,,
,,1,472,448,*,JF006,そっかそっかー。,,,,,,,,,,,,,,,,,,,,,
,,2,473,449,*,JF005,うーん。,,,,,,,,,,,,,,,,,,,,,
,,1,474,450,*,JF006,うん。,,,,,,,,,,,,,,,,,,,,,
,,1,475,451,*,JF006,うーん。,,,,,,,,,,,,,,,,,,,,,
,,2,476,452,*,JF005,そう思ったら、もうちょっと先生しっかりしてよって感じなんだよね<笑いながら>。,,,,,,,,,,,,,,,,,,,,,
,,2,477,453,*,JF005,えらい辛口でゴメンね<笑いながら><笑い>。,,,,,,,,,,,,,,,,,,,,,
,,1,478,454,*,JF006,やーやーや、辛口でいこうよー。,,,,,,,,,,,,,,,,,,,,,
,,1,479,455,*,JF006,だ、困る、こう実際困る人(そう)いっぱい(うん)いるし、「人名8」だって困るべ。,,,,,,,,,,,,,,,,,,,,,
,,2,480,456,*,JF005,うーん。,,,,,,,,,,,,,,,,,,,,,
,,1,481,457,*,JF006,《沈黙7秒》その辺分かってないんだか、どうな、どうなんだか。,,,,,,,,,,,,,,,,,,,,,
,,2,482,458,*,JF005,でも、前、「人名9」がさー、なんか、“お味噌は塩分控えめで”とか、でー、なんか言ってたの“お醤油食べ過ぎないようにしてください”とか<笑いながら>。,,,,,,,,,,,,,,,,,,,,,
,,1,483,459,*,JF006,うん。,,,,,,,,,,,,,,,,,,,,,
,,2,484,460,*,JF005,<笑い>ほしたらさー、なんか、先生ほんとに嫌そうな顔してて、なんか“心臓が痛いんだけど、「人名10」”って言ったの。,,,,,,,,,,,,,,,,,,,,,
,,1,485,461-1,/,JF006,"あーあー,,",,,,,,,,,,,,,,,,,,,,,
,,2,486,462-1,/,JF005,"<したら>{<},,",,,,,,,,,,,,,,,,,,,,,
,,1,487,461-2,*,JF006,<うんうん>{>}うん。,,,,,,,,,,,,,,,,,,,,,
,,2,488,462-2,*,JF005,横からー、「人名9」がー“先生、減塩お味噌、使ってくださいね”とかいって、言ったの。,,,,,,,,,,,,,,,,,,,,,
,,2,489,463,*,JF005,で、「人名10」はさ、そんなことあたしに言われてもみたいな感じ(<軽い笑い>)だったのね。,,,,,,,,,,,,,,,,,,,,,
,,1,490,464,*,JF006,うん。,,,,,,,,,,,,,,,,,,,,,
,,2,491,465,*,JF005,なのに先生は、なんか、「人名9」の反応にはなんか、結構むすっとした顔してて。,,,,,,,,,,,,,,,,,,,,,
,,2,492,466,*,JF005,めったにしないのに。,,,,,,,,,,,,,,,,,,,,,
,,1,493,467,*,JF006,まじで?。,,,,,,,,,,,,,,,,,,,,,
,,2,494,468,*,JF005,うん。,,,,,,,,,,,,,,,,,,,,,
,,2,495,469,*,JF005,なんか、嫌そうな顔してて。,,,,,,,,,,,,,,,,,,,,,
,,1,496,470,*,JF006,分かってるよって<こと?>{<}。,,,,,,,,,,,,,,,,,,,,,
,,2,497,471,*,JF005,<なんか>{>}、分かってるよって意味なんだか、好きなものぐらい食べさせろよって意味なんだか分かんないけどー、でもなんか、ちっと“自覚が足りん”って思ったんだよね。,,,,,,,,,,,,,,,,,,,,,
,,1,498,472,*,JF006,<死ぬよ>{<}。,,,,,,,,,,,,,,,,,,,,,
,,2,499,473,*,JF005,<「人名9」>{>}だって愛情込めて言って(うーん)んのにさー[呆れたような明るい声で]。,,,,,,,,,,,,,,,,,,,,,
,,1,500,474,*,JF006,死ぬよ、ほんとに。,,,,,,,,,,,,,,,,,,,,,
,,2,501,475,*,JF005,うん。,,,,,,,,,,,,,,,,,,,,,
,,2,502,476,*,JF005,#####[ぼそぼそと何か言っている]。,,,,,,,,,,,,,,,,,,,,,
,,2,503,477,*,JF005,そうなの。,,,,,,,,,,,,,,,,,,,,,
,,1,504,478,*,JF006,じゃあ、私のパンにもむっとしてるかしら。,,,,,,,,,,,,,,,,,,,,,
,,2,505,479,*,JF005,え?。,,,,,,,,,,,,,,,,,,,,,
,,2,506,480,*,JF005,なんで?。,,,,,,,,,,,,,,,,,,,,,
,,1,507,481,*,JF006,あー、いやいや。,,,,,,,,,,,,,,,,,,,,,
,,1,508,482,*,JF006,いやー、<押し付けがま>{<}【【。,,,,,,,,,,,,,,,,,,,,,
,,2,509,483,*,JF005,】】<え、変に心配>{>}せん、でね。,,,,,,,,,,,,,,,,,,,,,
,,1,510,484,*,JF006,うんうん、だいじょぶ、だい=。,,,,,,,,,,,,,,,,,,,,,
,,1,511,485,*,JF006,=そういう意味で聞いたわけじゃなくて、うん。,,,,,,,,,,,,,,,,,,,,,
,,1,512,486,*,JF006,あーや、だいじょぶよ[慌てた感じ]。,,,,,,,,,,,,,,,,,,,,,
,,1,513,487,*,JF006,んー、やー、ほら、あんまり、あんまりさー、なんかやると、なんか、向こうも萎縮するかなと<思っただけで>{<}。,,,,,,,,,,,,,,,,,,,,,
,,2,514,488,*,JF005,<萎縮は>{>}しないでしょ<大きく笑いながら>。,,,,,,,,,,,,,,,,,,,,,
,,1,515,489,*,JF006,あ、そう?。,,,,,,,,,,,,,,,,,,,,,
,,2,516,490,*,JF005,うん。,,,,,,,,,,,,,,,,,,,,,
,,1,517,491,*,JF006,<笑い>でも、「人名9」、かわいそう、そんな反応されて。,,,,,,,,,,,,,,,,,,,,,
,,2,518,492,*,JF005,そう。,,,,,,,,,,,,,,,,,,,,,
,,2,519,493,*,JF005,ね。,,,,,,,,,,,,,,,,,,,,,
,,2,520,494,*,JF005,「人名9」だって心配してんのになーと思って。,,,,,,,,,,,,,,,,,,,,,
,,1,521,495,*,JF006,なんにも分かってないよね<笑いながら>。,,,,,,,,,,,,,,,,,,,,,
,,1,522,496,*,JF006,あー、あんぽんたんだ。,,,,,,,,,,,,,,,,,,,,,
,,2,523,497,*,JF005,そうなんだよねー[ごく小さく]。,,,,,,,,,,,,,,,,,,,,,
,,1,524,498,*,JF006,《沈黙8秒》今日ね、久々にねー(うん)、「人名3」さんがいてー、先生と話してて難しい話をしててー(うん、うん)、ヘーゲルについて話しててー、んで、「人名11」と「人名10」は、なんか、分かってる感じで。,,,,,,,,,,,,,,,,,,,,,
,,1,525,499,*,JF006,で、4人はなんか“ふんふん”とか言ってー、“そうかなー”とか話しして。,,,,,,,,,,,,,,,,,,,,,
,,1,526,500,*,JF006,####君と、ちらっ、ちらって(<大きな笑い>)お互いに、“分かってる?、分かってる?”とか言って、なんか、“分かんない、分かんない”みたいな、ちらっ、ちらってみあ、見合ってさ(<笑い>)、“うん”とか言って、にやっとか笑ってて。,,,,,,,,,,,,,,,,,,,,,
,,2,527,501,*,JF005,いいコンビじゃん<笑い>。,,,,,,,,,,,,,,,,,,,,,
,,1,528,502,*,JF006,そー、なんか、うん、おー、うん、私たち2人浮いてるっていう、すっごいよく分かった、なんか<笑いながら>。,,,,,,,,,,,,,,,,,,,,,
,,,,,,,,,,,,,,,,,,,,,,,,,,,,
,,,,,,,,,,,,,,,,,,,,,,,,,,,,
,,,,,,,,,,,,,,,,,,,,,,,,,,,,
,,,,,,,,,,,,,,,,,,,,,,,,,,,,
,,,,,,,,,,,,,,,,,,,,,,,,,,,,
,,,,,,,,,,,,,,,,,,,,,,,,,,,,
,,,,,,,,,,,,,,,,,,,,,,,,,,,,
,,,,,,,,,,,,,,,,,,,,,,,,,,,,
,,,,,,,,,,,,,,,,,,,,,,,,,,,,
,,,,,,,,,,,,,,,,,,,,,,,,,,,,
,,,,,,,,,,,,,,,,,,,,,,,,,,,,
,,,,,,,,,,,,,,,,,,,,,,,,,,,,
,,,,,,,,,,,,,,,,,,,,,,,,,,,,
,,,,,,,,,,,,,,,,,,,,,,,,,,,,
,,,,,,,,,,,,,,,,,,,,,,,,,,,,
,,,,,,,,,,,,,,,,,,,,,,,,,,,,
,,,,,,,,,,,,,,,,,,,,,,,,,,,,
,,,,,,,,,,,,,,,,,,,,,,,,,,,,
,,,,,,,,,,,,,,,,,,,,,,,,,,,,
,,,,,,,,,,,,,,,,,,,,,,,,,,,,
,,,,,,,,,,,,,,,,,,,,,,,,,,,,
,,,,,,,,,,,,,,,,,,,,,,,,,,,,
,,,,,,,,,,,,,,,,,,,,,,,,,,,,
,,,,,,,,,,,,,,,,,,,,,,,,,,,,
,,,,,,,,,,,,,,,,,,,,,,,,,,,,
,,,,,,,,,,,,,,,,,,,,,,,,,,,,
,,,,,,,,,,,,,,,,,,,,,,,,,,,,
,,,,,,,,,,,,,,,,,,,,,,,,,,,,
,,,,,,,,,,,,,,,,,,,,,,,,,,,,
,,,,,,,,,,,,,,,,,,,,,,,,,,,,
,,,,,,,,,,,,,,,,,,,,,,,,,,,,
,,,,,,,,,,,,,,,,,,,,,,,,,,,,
,,,,,,,,,,,,,,,,,,,,,,,,,,,,
,,,,,,,,,,,,,,,,,,,,,,,,,,,,
,,,,,,,,,,,,,,,,,,,,,,,,,,,,
,,,,,,,,,,,,,,,,,,,,,,,,,,,,
,,,,,,,,,,,,,,,,,,,,,,,,,,,,
,,,,,,,,,,,,,,,,,,,,,,,,,,,,
,,,,,,,,,,,,,,,,,,,,,,,,,,,,
,,,,,,,,,,,,,,,,,,,,,,,,,,,,
,,,,,,,,,,,,,,,,,,,,,,,,,,,,
,,,,,,,,,,,,,,,,,,,,,,,,,,,,
,,,,,,,,,,,,,,,,,,,,,,,,,,,,
,,,,,,,,,,,,,,,,,,,,,,,,,,,,
,,,,,,,,,,,,,,,,,,,,,,,,,,,,
,,,,,,,,,,,,,,,,,,,,,,,,,,,,
,,,,,,,,,,,,,,,,,,,,,,,,,,,,
,,,,,,,,,,,,,,,,,,,,,,,,,,,,
,,,,,,,,,,,,,,,,,,,,,,,,,,,,
,,,,,,,,,,,,,,,,,,,,,,,,,,,,
,,,,,,,,,,,,,,,,,,,,,,,,,,,,
,,,,,,,,,,,,,,,,,,,,,,,,,,,,
,,,,,,,,,,,,,,,,,,,,,,,,,,,,
,,,,,,,,,,,,,,,,,,,,,,,,,,,,
,,,,,,,,,,,,,,,,,,,,,,,,,,,,
,,,,,,,,,,,,,,,,,,,,,,,,,,,,
,,,,,,,,,,,,,,,,,,,,,,,,,,,,
,,,,,,,,,,,,,,,,,,,,,,,,,,,,
,,,,,,,,,,,,,,,,,,,,,,,,,,,,
,,,,,,,,,,,,,,,,,,,,,,,,,,,,
,,,,,,,,,,,,,,,,,,,,,,,,,,,,
,,,,,,,,,,,,,,,,,,,,,,,,,,,,
,,,,,,,,,,,,,,,,,,,,,,,,,,,,
,,,,,,,,,,,,,,,,,,,,,,,,,,,,
,,,,,,,,,,,,,,,,,,,,,,,,,,,,
,,,,,,,,,,,,,,,,,,,,,,,,,,,,
,,,,,,,,,,,,,,,,,,,,,,,,,,,,
,,,,,,,,,,,,,,,,,,,,,,,,,,,,
,,,,,,,,,,,,,,,,,,,,,,,,,,,,
,,,,,,,,,,,,,,,,,,,,,,,,,,,,
,,,,,,,,,,,,,,,,,,,,,,,,,,,,
,,,,,,,,,,,,,,,,,,,,,,,,,,,,
,,,,,,,,,,,,,,,,,,,,,,,,,,,,
,,,,,,,,,,,,,,,,,,,,,,,,,,,,
,,,,,,,,,,,,,,,,,,,,,,,,,,,,
,,,,,,,,,,,,,,,,,,,,,,,,,,,,
,,,,,,,,,,,,,,,,,,,,,,,,,,,,
,,,,,,,,,,,,,,,,,,,,,,,,,,,,
,,,,,,,,,,,,,,,,,,,,,,,,,,,,
,,,,,,,,,,,,,,,,,,,,,,,,,,,,
,,,,,,,,,,,,,,,,,,,,,,,,,,,,
,,,,,,,,,,,,,,,,,,,,,,,,,,,,
,,,,,,,,,,,,,,,,,,,,,,,,,,,,
,,,,,,,,,,,,,,,,,,,,,,,,,,,,
,,,,,,,,,,,,,,,,,,,,,,,,,,,,
,,,,,,,,,,,,,,,,,,,,,,,,,,,,
,,,,,,,,,,,,,,,,,,,,,,,,,,,,
,,,,,,,,,,,,,,,,,,,,,,,,,,,,
,,,,,,,,,,,,,,,,,,,,,,,,,,,,
,,,,,,,,,,,,,,,,,,,,,,,,,,,,
,,,,,,,,,,,,,,,,,,,,,,,,,,,,
,,,,,,,,,,,,,,,,,,,,,,,,,,,,
,,,,,,,,,,,,,,,,,,,,,,,,,,,,
,,,,,,,,,,,,,,,,,,,,,,,,,,,,
,,,,,,,,,,,,,,,,,,,,,,,,,,,,
,,,,,,,,,,,,,,,,,,,,,,,,,,,,
,,,,,,,,,,,,,,,,,,,,,,,,,,,,
,,,,,,,,,,,,,,,,,,,,,,,,,,,,
,,,,,,,,,,,,,,,,,,,,,,,,,,,,
,,,,,,,,,,,,,,,,,,,,,,,,,,,,
,,,,,,,,,,,,,,,,,,,,,,,,,,,,
,,,,,,,,,,,,,,,,,,,,,,,,,,,,
,,,,,,,,,,,,,,,,,,,,,,,,,,,,
,,,,,,,,,,,,,,,,,,,,,,,,,,,,
,,,,,,,,,,,,,,,,,,,,,,,,,,,,
,,,,,,,,,,,,,,,,,,,,,,,,,,,,
,,,,,,,,,,,,,,,,,,,,,,,,,,,,
,,,,,,,,,,,,,,,,,,,,,,,,,,,,
,,,,,,,,,,,,,,,,,,,,,,,,,,,,
,,,,,,,,,,,,,,,,,,,,,,,,,,,,
,,,,,,,,,,,,,,,,,,,,,,,,,,,,
,,,,,,,,,,,,,,,,,,,,,,,,,,,,
,,,,,,,,,,,,,,,,,,,,,,,,,,,,
,,,,,,,,,,,,,,,,,,,,,,,,,,,,
,,,,,,,,,,,,,,,,,,,,,,,,,,,,
,,,,,,,,,,,,,,,,,,,,,,,,,,,,
,,,,,,,,,,,,,,,,,,,,,,,,,,,,
,,,,,,,,,,,,,,,,,,,,,,,,,,,,
,,,,,,,,,,,,,,,,,,,,,,,,,,,,
,,,,,,,,,,,,,,,,,,,,,,,,,,,,
,,,,,,,,,,,,,,,,,,,,,,,,,,,,
,,,,,,,,,,,,,,,,,,,,,,,,,,,,
,,,,,,,,,,,,,,,,,,,,,,,,,,,,
,,,,,,,,,,,,,,,,,,,,,,,,,,,,
,,,,,,,,,,,,,,,,,,,,,,,,,,,,
,,,,,,,,,,,,,,,,,,,,,,,,,,,,
,,,,,,,,,,,,,,,,,,,,,,,,,,,,
,,,,,,,,,,,,,,,,,,,,,,,,,,,,
,,,,,,,,,,,,,,,,,,,,,,,,,,,,
,,,,,,,,,,,,,,,,,,,,,,,,,,,,
,,,,,,,,,,,,,,,,,,,,,,,,,,,,
,,,,,,,,,,,,,,,,,,,,,,,,,,,,
,,,,,,,,,,,,,,,,,,,,,,,,,,,,
,,,,,,,,,,,,,,,,,,,,,,,,,,,,
,,,,,,,,,,,,,,,,,,,,,,,,,,,,
,,,,,,,,,,,,,,,,,,,,,,,,,,,,
,,,,,,,,,,,,,,,,,,,,,,,,,,,,
,,,,,,,,,,,,,,,,,,,,,,,,,,,,
,,,,,,,,,,,,,,,,,,,,,,,,,,,,
,,,,,,,,,,,,,,,,,,,,,,,,,,,,
,,,,,,,,,,,,,,,,,,,,,,,,,,,,
,,,,,,,,,,,,,,,,,,,,,,,,,,,,
,,,,,,,,,,,,,,,,,,,,,,,,,,,,
,,,,,,,,,,,,,,,,,,,,,,,,,,,,
,,,,,,,,,,,,,,,,,,,,,,,,,,,,
,,,,,,,,,,,,,,,,,,,,,,,,,,,,
,,,,,,,,,,,,,,,,,,,,,,,,,,,,
,,,,,,,,,,,,,,,,,,,,,,,,,,,,
,,,,,,,,,,,,,,,,,,,,,,,,,,,,
,,,,,,,,,,,,,,,,,,,,,,,,,,,,
,,,,,,,,,,,,,,,,,,,,,,,,,,,,
,,,,,,,,,,,,,,,,,,,,,,,,,,,,
,,,,,,,,,,,,,,,,,,,,,,,,,,,,
,,,,,,,,,,,,,,,,,,,,,,,,,,,,
,,,,,,,,,,,,,,,,,,,,,,,,,,,,
,,,,,,,,,,,,,,,,,,,,,,,,,,,,
,,,,,,,,,,,,,,,,,,,,,,,,,,,,
,,,,,,,,,,,,,,,,,,,,,,,,,,,,
,,,,,,,,,,,,,,,,,,,,,,,,,,,,
,,,,,,,,,,,,,,,,,,,,,,,,,,,,
,,,,,,,,,,,,,,,,,,,,,,,,,,,,
,,,,,,,,,,,,,,,,,,,,,,,,,,,,
,,,,,,,,,,,,,,,,,,,,,,,,,,,,
,,,,,,,,,,,,,,,,,,,,,,,,,,,,
,,,,,,,,,,,,,,,,,,,,,,,,,,,,
,,,,,,,,,,,,,,,,,,,,,,,,,,,,
,,,,,,,,,,,,,,,,,,,,,,,,,,,,
,,,,,,,,,,,,,,,,,,,,,,,,,,,,
,,,,,,,,,,,,,,,,,,,,,,,,,,,,
,,,,,,,,,,,,,,,,,,,,,,,,,,,,
,,,,,,,,,,,,,,,,,,,,,,,,,,,,
,,,,,,,,,,,,,,,,,,,,,,,,,,,,
,,,,,,,,,,,,,,,,,,,,,,,,,,,,
,,,,,,,,,,,,,,,,,,,,,,,,,,,,
,,,,,,,,,,,,,,,,,,,,,,,,,,,,
,,,,,,,,,,,,,,,,,,,,,,,,,,,,
,,,,,,,,,,,,,,,,,,,,,,,,,,,,
,,,,,,,,,,,,,,,,,,,,,,,,,,,,
,,,,,,,,,,,,,,,,,,,,,,,,,,,,
,,,,,,,,,,,,,,,,,,,,,,,,,,,,
,,,,,,,,,,,,,,,,,,,,,,,,,,,,
,,,,,,,,,,,,,,,,,,,,,,,,,,,,
,,,,,,,,,,,,,,,,,,,,,,,,,,,,
,,,,,,,,,,,,,,,,,,,,,,,,,,,,
,,,,,,,,,,,,,,,,,,,,,,,,,,,,
,,,,,,,,,,,,,,,,,,,,,,,,,,,,
,,,,,,,,,,,,,,,,,,,,,,,,,,,,
,,,,,,,,,,,,,,,,,,,,,,,,,,,,
,,,,,,,,,,,,,,,,,,,,,,,,,,,,
,,,,,,,,,,,,,,,,,,,,,,,,,,,,
,,,,,,,,,,,,,,,,,,,,,,,,,,,,
,,,,,,,,,,,,,,,,,,,,,,,,,,,,
,,,,,,,,,,,,,,,,,,,,,,,,,,,,
,,,,,,,,,,,,,,,,,,,,,,,,,,,,
,,,,,,,,,,,,,,,,,,,,,,,,,,,,
,,,,,,,,,,,,,,,,,,,,,,,,,,,,
,,,,,,,,,,,,,,,,,,,,,,,,,,,,
,,,,,,,,,,,,,,,,,,,,,,,,,,,,
,,,,,,,,,,,,,,,,,,,,,,,,,,,,
,,,,,,,,,,,,,,,,,,,,,,,,,,,,
,,,,,,,,,,,,,,,,,,,,,,,,,,,,
,,,,,,,,,,,,,,,,,,,,,,,,,,,,
,,,,,,,,,,,,,,,,,,,,,,,,,,,,
,,,,,,,,,,,,,,,,,,,,,,,,,,,,
,,,,,,,,,,,,,,,,,,,,,,,,,,,,
,,,,,,,,,,,,,,,,,,,,,,,,,,,,
,,,,,,,,,,,,,,,,,,,,,,,,,,,,
,,,,,,,,,,,,,,,,,,,,,,,,,,,,
,,,,,,,,,,,,,,,,,,,,,,,,,,,,
,,,,,,,,,,,,,,,,,,,,,,,,,,,,
,,,,,,,,,,,,,,,,,,,,,,,,,,,,
,,,,,,,,,,,,,,,,,,,,,,,,,,,,
,,,,,,,,,,,,,,,,,,,,,,,,,,,,
,,,,,,,,,,,,,,,,,,,,,,,,,,,,
,,,,,,,,,,,,,,,,,,,,,,,,,,,,
,,,,,,,,,,,,,,,,,,,,,,,,,,,,
,,,,,,,,,,,,,,,,,,,,,,,,,,,,
,,,,,,,,,,,,,,,,,,,,,,,,,,,,
,,,,,,,,,,,,,,,,,,,,,,,,,,,,
,,,,,,,,,,,,,,,,,,,,,,,,,,,,
,,,,,,,,,,,,,,,,,,,,,,,,,,,,
,,,,,,,,,,,,,,,,,,,,,,,,,,,,
,,,,,,,,,,,,,,,,,,,,,,,,,,,,
,,,,,,,,,,,,,,,,,,,,,,,,,,,,
,,,,,,,,,,,,,,,,,,,,,,,,,,,,
,,,,,,,,,,,,,,,,,,,,,,,,,,,,
,,,,,,,,,,,,,,,,,,,,,,,,,,,,
,,,,,,,,,,,,,,,,,,,,,,,,,,,,
,,,,,,,,,,,,,,,,,,,,,,,,,,,,
,,,,,,,,,,,,,,,,,,,,,,,,,,,,
,,,,,,,,,,,,,,,,,,,,,,,,,,,,
,,,,,,,,,,,,,,,,,,,,,,,,,,,,
,,,,,,,,,,,,,,,,,,,,,,,,,,,,
,,,,,,,,,,,,,,,,,,,,,,,,,,,,
,,,,,,,,,,,,,,,,,,,,,,,,,,,,
,,,,,,,,,,,,,,,,,,,,,,,,,,,,
,,,,,,,,,,,,,,,,,,,,,,,,,,,,
,,,,,,,,,,,,,,,,,,,,,,,,,,,,
,,,,,,,,,,,,,,,,,,,,,,,,,,,,
,,,,,,,,,,,,,,,,,,,,,,,,,,,,
,,,,,,,,,,,,,,,,,,,,,,,,,,,,
,,,,,,,,,,,,,,,,,,,,,,,,,,,,
,,,,,,,,,,,,,,,,,,,,,,,,,,,,
,,,,,,,,,,,,,,,,,,,,,,,,,,,,
,,,,,,,,,,,,,,,,,,,,,,,,,,,,
,,,,,,,,,,,,,,,,,,,,,,,,,,,,
,,,,,,,,,,,,,,,,,,,,,,,,,,,,
,,,,,,,,,,,,,,,,,,,,,,,,,,,,
,,,,,,,,,,,,,,,,,,,,,,,,,,,,
,,,,,,,,,,,,,,,,,,,,,,,,,,,,
,,,,,,,,,,,,,,,,,,,,,,,,,,,,
,,,,,,,,,,,,,,,,,,,,,,,,,,,,
,,,,,,,,,,,,,,,,,,,,,,,,,,,,
,,,,,,,,,,,,,,,,,,,,,,,,,,,,
,,,,,,,,,,,,,,,,,,,,,,,,,,,,
,,,,,,,,,,,,,,,,,,,,,,,,,,,,
,,,,,,,,,,,,,,,,,,,,,,,,,,,,
,,,,,,,,,,,,,,,,,,,,,,,,,,,,
,,,,,,,,,,,,,,,,,,,,,,,,,,,,
,,,,,,,,,,,,,,,,,,,,,,,,,,,,
,,,,,,,,,,,,,,,,,,,,,,,,,,,,
,,,,,,,,,,,,,,,,,,,,,,,,,,,,
,,,,,,,,,,,,,,,,,,,,,,,,,,,,
,,,,,,,,,,,,,,,,,,,,,,,,,,,,
,,,,,,,,,,,,,,,,,,,,,,,,,,,,
,,,,,,,,,,,,,,,,,,,,,,,,,,,,
,,,,,,,,,,,,,,,,,,,,,,,,,,,,
,,,,,,,,,,,,,,,,,,,,,,,,,,,,
,,,,,,,,,,,,,,,,,,,,,,,,,,,,
,,,,,,,,,,,,,,,,,,,,,,,,,,,,
,,,,,,,,,,,,,,,,,,,,,,,,,,,,
,,,,,,,,,,,,,,,,,,,,,,,,,,,,
,,,,,,,,,,,,,,,,,,,,,,,,,,,,
,,,,,,,,,,,,,,,,,,,,,,,,,,,,
,,,,,,,,,,,,,,,,,,,,,,,,,,,,
,,,,,,,,,,,,,,,,,,,,,,,,,,,,
,,,,,,,,,,,,,,,,,,,,,,,,,,,,
,,,,,,,,,,,,,,,,,,,,,,,,,,,,
,,,,,,,,,,,,,,,,,,,,,,,,,,,,
,,,,,,,,,,,,,,,,,,,,,,,,,,,,
,,,,,,,,,,,,,,,,,,,,,,,,,,,,
,,,,,,,,,,,,,,,,,,,,,,,,,,,,
,,,,,,,,,,,,,,,,,,,,,,,,,,,,
,,,,,,,,,,,,,,,,,,,,,,,,,,,,
,,,,,,,,,,,,,,,,,,,,,,,,,,,,
,,,,,,,,,,,,,,,,,,,,,,,,,,,,
,,,,,,,,,,,,,,,,,,,,,,,,,,,,
,,,,,,,,,,,,,,,,,,,,,,,,,,,,
,,,,,,,,,,,,,,,,,,,,,,,,,,,,
,,,,,,,,,,,,,,,,,,,,,,,,,,,,
,,,,,,,,,,,,,,,,,,,,,,,,,,,,
,,,,,,,,,,,,,,,,,,,,,,,,,,,,
,,,,,,,,,,,,,,,,,,,,,,,,,,,,
,,,,,,,,,,,,,,,,,,,,,,,,,,,,
,,,,,,,,,,,,,,,,,,,,,,,,,,,,
,,,,,,,,,,,,,,,,,,,,,,,,,,,,
,,,,,,,,,,,,,,,,,,,,,,,,,,,,
,,,,,,,,,,,,,,,,,,,,,,,,,,,,
,,,,,,,,,,,,,,,,,,,,,,,,,,,,
,,,,,,,,,,,,,,,,,,,,,,,,,,,,
,,,,,,,,,,,,,,,,,,,,,,,,,,,,
,,,,,,,,,,,,,,,,,,,,,,,,,,,,
,,,,,,,,,,,,,,,,,,,,,,,,,,,,
,,,,,,,,,,,,,,,,,,,,,,,,,,,,
,,,,,,,,,,,,,,,,,,,,,,,,,,,,
,,,,,,,,,,,,,,,,,,,,,,,,,,,,
,,,,,,,,,,,,,,,,,,,,,,,,,,,,
,,,,,,,,,,,,,,,,,,,,,,,,,,,,
,,,,,,,,,,,,,,,,,,,,,,,,,,,,
,,,,,,,,,,,,,,,,,,,,,,,,,,,,
,,,,,,,,,,,,,,,,,,,,,,,,,,,,
,,,,,,,,,,,,,,,,,,,,,,,,,,,,
,,,,,,,,,,,,,,,,,,,,,,,,,,,,
,,,,,,,,,,,,,,,,,,,,,,,,,,,,
,,,,,,,,,,,,,,,,,,,,,,,,,,,,
,,,,,,,,,,,,,,,,,,,,,,,,,,,,
,,,,,,,,,,,,,,,,,,,,,,,,,,,,
,,,,,,,,,,,,,,,,,,,,,,,,,,,,
,,,,,,,,,,,,,,,,,,,,,,,,,,,,
,,,,,,,,,,,,,,,,,,,,,,,,,,,,
,,,,,,,,,,,,,,,,,,,,,,,,,,,,
,,,,,,,,,,,,,,,,,,,,,,,,,,,,
,,,,,,,,,,,,,,,,,,,,,,,,,,,,
,,,,,,,,,,,,,,,,,,,,,,,,,,,,
,,,,,,,,,,,,,,,,,,,,,,,,,,,,
,,,,,,,,,,,,,,,,,,,,,,,,,,,,
,,,,,,,,,,,,,,,,,,,,,,,,,,,,
,,,,,,,,,,,,,,,,,,,,,,,,,,,,
,,,,,,,,,,,,,,,,,,,,,,,,,,,,
,,,,,,,,,,,,,,,,,,,,,,,,,,,,
,,,,,,,,,,,,,,,,,,,,,,,,,,,,
,,,,,,,,,,,,,,,,,,,,,,,,,,,,
,,,,,,,,,,,,,,,,,,,,,,,,,,,,
,,,,,,,,,,,,,,,,,,,,,,,,,,,,
,,,,,,,,,,,,,,,,,,,,,,,,,,,,
,,,,,,,,,,,,,,,,,,,,,,,,,,,,
,,,,,,,,,,,,,,,,,,,,,,,,,,,,
,,,,,,,,,,,,,,,,,,,,,,,,,,,,
,,,,,,,,,,,,,,,,,,,,,,,,,,,,
,,,,,,,,,,,,,,,,,,,,,,,,,,,,
,,,,,,,,,,,,,,,,,,,,,,,,,,,,
,,,,,,,,,,,,,,,,,,,,,,,,,,,,
,,,,,,,,,,,,,,,,,,,,,,,,,,,,
,,,,,,,,,,,,,,,,,,,,,,,,,,,,
,,,,,,,,,,,,,,,,,,,,,,,,,,,,
,,,,,,,,,,,,,,,,,,,,,,,,,,,,
,,,,,,,,,,,,,,,,,,,,,,,,,,,,
,,,,,,,,,,,,,,,,,,,,,,,,,,,,
,,,,,,,,,,,,,,,,,,,,,,,,,,,,
,,,,,,,,,,,,,,,,,,,,,,,,,,,,
,,,,,,,,,,,,,,,,,,,,,,,,,,,,
,,,,,,,,,,,,,,,,,,,,,,,,,,,,
,,,,,,,,,,,,,,,,,,,,,,,,,,,,
,,,,,,,,,,,,,,,,,,,,,,,,,,,,
,,,,,,,,,,,,,,,,,,,,,,,,,,,,
,,,,,,,,,,,,,,,,,,,,,,,,,,,,
,,,,,,,,,,,,,,,,,,,,,,,,,,,,
,,,,,,,,,,,,,,,,,,,,,,,,,,,,
,,,,,,,,,,,,,,,,,,,,,,,,,,,,
,,,,,,,,,,,,,,,,,,,,,,,,,,,,
,,,,,,,,,,,,,,,,,,,,,,,,,,,,
,,,,,,,,,,,,,,,,,,,,,,,,,,,,
,,,,,,,,,,,,,,,,,,,,,,,,,,,,
,,,,,,,,,,,,,,,,,,,,,,,,,,,,
,,,,,,,,,,,,,,,,,,,,,,,,,,,,
,,,,,,,,,,,,,,,,,,,,,,,,,,,,
,,,,,,,,,,,,,,,,,,,,,,,,,,,,
,,,,,,,,,,,,,,,,,,,,,,,,,,,,
,,,,,,,,,,,,,,,,,,,,,,,,,,,,
,,,,,,,,,,,,,,,,,,,,,,,,,,,,
,,,,,,,,,,,,,,,,,,,,,,,,,,,,
,,,,,,,,,,,,,,,,,,,,,,,,,,,,
,,,,,,,,,,,,,,,,,,,,,,,,,,,,
,,,,,,,,,,,,,,,,,,,,,,,,,,,,
,,,,,,,,,,,,,,,,,,,,,,,,,,,,
,,,,,,,,,,,,,,,,,,,,,,,,,,,,
,,,,,,,,,,,,,,,,,,,,,,,,,,,,
,,,,,,,,,,,,,,,,,,,,,,,,,,,,
,,,,,,,,,,,,,,,,,,,,,,,,,,,,
,,,,,,,,,,,,,,,,,,,,,,,,,,,,